Product Type,Model,Manufacturer,Registration No.,Water Efficiency Grade,Announcement Date,Standard,WEI,EEI,Water Consumption (L),Energy Consumption (kWh/cycle),Drying Index PD,Cleaning Index PC,Capacity (place settings),Noise dB(A)
洗碗机,BG610,中山市广新进出口贸易有限公司,20260519-CWL032020-845027,1,2026-05-19,GB 38383-2019,44.6,47.9,11.1,0.802,1.25,1.14,14,
洗碗机,JWB18-iD3000Max,华帝股份有限公司,20260518-CWL032020-536693,1,2026-05-18,GB 38383-2019,38.3,47.8,13.2,0.845,1.39,1.35,20,
洗碗机,Q12P-B,广东容声电器股份有限公司,20260516-CWL032020-312339,1,2026-05-16,GB 38383-2019,43.8,47.8,10.9,0.799,1.13,1.12,14,
洗碗机,Q18-B,广东容声电器股份有限公司,20260516-CWL032020-842600,1,2026-05-16,GB 38383-2019,36.7,49.1,11.5,0.870,1.30,1.30,18,
洗碗机,DW12-D60C,广东顺德浦拓贸易有限公司,20260515-CWL032020-933438,1,2026-05-15,GB 38383-2019,44.3,45.1,8.2,0.713,1.18,1.22,10,
洗碗机,WQP13-Q03Y2,广东广美工贸有限公司,20260515-CWL032020-283511,1,2026-05-15,GB 38383-2019,45.0,50.0,9.4,0.755,1.08,1.12,13,
洗碗机,WQP13-Q03Y1,广东广美工贸有限公司,20260515-CWL032020-398225,1,2026-05-15,GB 38383-2019,45.0,50.0,9.4,0.755,1.08,1.12,13,
洗碗机,Q18-A,广东容声电器股份有限公司,20260515-CWL032020-222965,1,2026-05-15,GB 38383-2019,36.7,49.1,11.5,0.870,1.30,1.30,18,
洗碗机,Q12P-A,广东容声电器股份有限公司,20260515-CWL032020-046304,1,2026-05-15,GB 38383-2019,43.8,47.8,10.9,0.799,1.13,1.12,14,
洗碗机,JWF16-iD3000,华帝股份有限公司,20260515-CWL032020-083863,1,2026-05-15,GB 38383-2019,38.3,47.8,13.2,0.845,1.39,1.35,20,
洗碗机,JWB23-B9Pro,华帝股份有限公司,20260515-CWL032020-137768,1,2026-05-15,GB 38383-2019,41.4,48.7,16.3,0.925,1.39,1.27,23,
洗碗机,DT786I,"Gorenje gospodinjski aparati, d.o.o.",20260514-CWL032020-330303,1,2026-05-14,GB 38383-2019,35.0,48.0,9.5,0.850,1.13,1.15,16,
洗碗机,DTAU7SI,"Gorenje gospodinjski aparati, d.o.o.",20260514-CWL032020-610916,1,2026-05-14,GB 38383-2019,35.0,45.0,9.5,0.750,1.15,1.15,16,
洗碗机,DT786BSU,"Gorenje gospodinjski aparati, d.o.o.",20260514-CWL032020-020797,1,2026-05-14,GB 38383-2019,35.0,48.0,9.5,0.850,1.13,1.15,16,
洗碗机,090W,杭州名气电器有限公司,20260514-CWL032020-702954,1,2026-05-14,GB 38383-2019,37.1,44.8,12.8,0.823,1.36,1.34,20,
洗碗机,U5-05,浙江森歌智能厨电股份有限公司,20260514-CWL032020-955478,1,2026-05-14,GB 38383-2019,45.0,50.0,9.7,0.825,1.08,1.12,12,
洗碗机,U5-03,浙江森歌智能厨电股份有限公司,20260514-CWL032020-802879,1,2026-05-14,GB 38383-2019,45.0,50.0,9.7,0.825,1.08,1.12,12,
洗碗机,U5-02,浙江森歌智能厨电股份有限公司,20260514-CWL032020-809433,1,2026-05-14,GB 38383-2019,45.0,50.0,9.7,0.825,1.08,1.12,12,
洗碗机,W13B-09GB,广州市顺而捷网络科技有限公司,20260512-CWL032020-724308,1,2026-05-12,GB 38383-2019,45,50,10.4,0.830,1.08,1.12,13,
洗碗机,WQP6-C6,西屋厨卫科技(广东)有限公司,20260512-CWL032020-755223,1,2026-05-12,GB 38383-2019,45.0,50.0,5.0,0.435,1.24,1.18,6,
洗碗机,XQD18T-X971,浙江帅康电气股份有限公司,20260508-CWL032020-454366,1,2026-05-08,GB 38383-2019,36.7,49.1,11.5,0.870,1.30,1.30,18,
洗碗机,MD0801,米技家用电器（上海）有限公司,20260508-CWL032020-794627,1,2026-05-08,GB 38383-2019,37.3,43.4,5.7,0.495,1.30,1.30,8,
洗碗机,MD0505,米技家用电器（上海）有限公司,20260508-CWL032020-222390,1,2026-05-08,GB 38383-2019,30.0,44.9,5.7,0.448,1.30,1.31,5,
洗碗机,MD0504,米技家用电器（上海）有限公司,20260508-CWL032020-329861,1,2026-05-08,GB 38383-2019,30.0,44.9,5.7,0.448,1.30,1.31,5,
洗碗机,MD0503,米技家用电器（上海）有限公司,20260508-CWL032020-719402,1,2026-05-08,GB 38383-2019,30.0,44.9,5.7,0.448,1.30,1.31,5,
洗碗机,QMDW0602M,宁波轻美电器科技有限公司,20260508-CWL032020-315721,2,2026-05-08,GB 38383-2019,48.8,54.7,5.9,0.514,1.27,1.17,6,
洗碗机,V10-T,广州德仕厨厨房用品有限公司,20260506-CWL032020-768019,1,2026-05-06,GB 38383-2019,44.3,45.1,8.2,0.713,1.18,1.22,10,
洗碗机,QMDW0505M,宁波轻美电器科技有限公司,20260430-CWL032020-631942,2,2026-04-30,GB 38383-2019,44.2,54.9,8.4,0.524,1.23,1.20,5,
洗碗机,IDW-D35TW2S01,火星人厨具股份有限公司,20260430-CWL032020-196123,1,2026-04-30,GB 38383-2019,45,50,11.6,0.825,1.25,1.25,15,
洗碗机,X60 Pro,广东万和电气有限公司,20260430-CWL032020-156431,1,2026-04-30,GB 38383-2019,41.3,47.6,13.6,0.855,1.32,1.32,19,
洗碗机,X60,广东万和电气有限公司,20260430-CWL032020-758264,1,2026-04-30,GB 38383-2019,44.1,47.8,11.7,0.801,1.32,1.32,15,
洗碗机,DG1-D6102B6,广东海新洗涤电器制造有限公司,20260430-CWL032020-780426,1,2026-04-30,GB 38383-2019,43.8,46.6,13.7,0.818,1.32,1.32,18,
洗碗机,XW102-13套,金牌厨柜电器科技有限责任公司,20260427-CWL032020-956938,1,2026-04-27,GB 38383-2019,45,50,10,0.75,1.08,1.12,13,
洗碗机,WQ18-C951iC2,海信(山东)厨卫有限公司,20260427-CWL032020-744704,1,2026-04-27,GB 38383-2019,38.3,44.6,13.5,0.85,1.35,1.33,20,
洗碗机,JWB18-iD3000Max,华帝股份有限公司,20260424-CWL032020-156678,1,2026-04-24,GB 38383-2019,38.3,47.8,13.2,0.845,1.45,1.35,20,
洗碗机,JWF16-iD3000,华帝股份有限公司,20260424-CWL032020-607444,1,2026-04-24,GB 38383-2019,38.3,47.8,13.2,0.845,1.45,1.35,20,
洗碗机,W76-S1U,杭州老板电器股份有限公司,20260424-CWL032020-786286,1,2026-04-24,GB 38383-2019,37.1,44.8,12.8,0.823,1.36,1.34,20,
洗碗机,M10 Ultra,佛山市顺德区美的洗涤电器制造有限公司,20260423-CWL032020-453865,1,2026-04-23,GB 38383-2019,45.0,50.0,5.0,0.480,1.14,1.33,4,
洗碗机,WQP14-J10 MAX,广东万家乐燃气具有限公司,20260423-CWL032020-396730,1,2026-04-23,GB 38383-2019,42.6,46.6,10.6,0.779,1.32,1.30,14,
洗碗机,WQP14-W9 MAX,广东万家乐燃气具有限公司,20260423-CWL032020-609117,1,2026-04-23,GB 38383-2019,42.6,46.6,10.6,0.779,1.32,1.30,14,
洗碗机,IDW-G2D75-X,火星人厨具股份有限公司,20260422-CWL032020-481303,1,2026-04-22,GB 38383-2019,45,50,11.7,0.821,1.28,1.27,15,
洗碗机,JZMG-T18,宁波美高厨具有限公司,20260421-CWL032020-025290,1,2026-04-21,GB 38383-2019,37.7,44.2,11.8,0.758,1.30,1.30,18,
洗碗机,V9,浙江森歌智能厨电股份有限公司,20260421-CWL032020-402955,1,2026-04-21,GB 38383-2019,45,50,13.7,0.818,1.3,1.3,18,
洗碗机,JWB-i26X2,华帝股份有限公司,20260421-CWL032020-210221,1,2026-04-21,GB 38383-2019,38.3,47.8,13.2,0.845,1.38,1.35,20,
洗碗机,JBCD7E-02-J12,宁波方太厨具有限公司,20260420-CWL032020-583455,1,2026-04-20,GB 38383-2019,45.0,50.0,14.0,0.880,1.33,1.33,18,
洗碗机,QMDW1806M-02,宁波轻美电器科技有限公司,20260417-CWL032020-276398,1,2026-04-17,GB 38383-2019,40,48,12.4,0.835,1.28,1.26,18,
洗碗机,QMDW1806M-01,宁波轻美电器科技有限公司,20260417-CWL032020-650093,1,2026-04-17,GB 38383-2019,40,48,12.4,0.835,1.28,1.26,18,
洗碗机,JWB18-iD3000Max,华帝股份有限公司,20260414-CWL032020-611716,1,2026-04-14,GB 38383-2019,38.3,47.8,13.2,0.845,1.38,1.35,20,
洗碗机,EYBW17586GGU1,青岛海尔洗碗机有限公司,20260414-CWL032020-740689,1,2026-04-14,GB 38383-2019,39.1,46.9,11.6,0.792,1.38,1.29,17,
洗碗机,JWB-i26Y8,华帝股份有限公司,20260410-CWL032020-332352,1,2026-04-10,GB 38383-2019,41.1,49.6,15.5,0.916,1.38,1.34 ,22,
洗碗机,DN22-DZ405PQDCN,智跃优创科技（苏州）有限公司,20260408-CWL032020-685826,1,2026-04-08,GB 38383-2019,44.0,48.6,16.6,0.897,1.34,1.35,22,
洗碗机,K1000Pro,佛山市顺德区美的洗涤电器制造有限公司,20260408-CWL032020-044842,1,2026-04-08,GB 38383-2019,45.0,50.0,10.6,0.607,1.33,1.33,22,
洗碗机,V9Max,佛山市顺德区美的洗涤电器制造有限公司,20260408-CWL032020-687171,1,2026-04-08,GB 38383-2019,45.0,50.0,9.2,0.492,1.33,1.33,15,
洗碗机,DN22-DK503UQDCN,智跃优创科技（苏州）有限公司,20260408-CWL032020-280480,1,2026-04-08,GB 38383-2019,42.2,49.2,15.9,0.909,1.34,1.35,22,
洗碗机,WQ2-X-1,浙江沃普思智能科技有限公司,20260403-CWL032020-357369,1,2026-04-03,GB 38383-2019,45,50,6.5,0.48,1.08,1.12,4,
洗碗机,CWBMGHU1,青岛海尔洗碗机有限公司,20260402-CWL032020-443230,1,2026-04-02,GB 38383-2019,45.0,50.0,9.6,0.810,1.30,1.30,14,
洗碗机,EYW1686GHU1(H1Pro),青岛海尔洗碗机有限公司,20260402-CWL032020-499527,1,2026-04-02,GB 38383-2019,45.0,50.0,12.6,0.820,1.30,1.25,16,
洗碗机,MOFR-2BF7,广东默克菲尔电气有限公司,20260401-CWL032020-922945,3,2026-04-01,GB 38383-2019,62.0,50.1,8.5,0.498,1.16,1.12,7,
洗碗机,MOFR-2AF7,广东默克菲尔电气有限公司,20260401-CWL032020-955004,3,2026-04-01,GB 38383-2019,62.0,50.1,8.5,0.498,1.16,1.12,7,
洗碗机,WD15-Y301iSW,海信(山东)厨卫有限公司,20260330-CWL032020-708520,1,2026-03-30,GB 38383-2019,35.1,49.2,12.1,0.902,1.35,1.33,20,
洗碗机,WQ16-C507iPlus,海信(山东)厨卫有限公司,20260330-CWL032020-410650,1,2026-03-30,GB 38383-2019,35.1,49.2,12.1,0.902,1.35,1.33,20,
洗碗机,JBCD7E-03-V18Ultra,宁波方太厨具有限公司,20260327-CWL032020-558452,1,2026-03-27,GB 38383-2019,45.0,50.0,15.5,0.910,1.38,1.36,20,
洗碗机,HTD-C2 Plus,广东惠曼科技有限公司,20260326-CWL032020-074038,1,2026-03-26,GB 38383-2019,41.1,47.8,10.9,0.812,1.31,1.31,15,
洗碗机,H71 Pro,佛山市顺德区美的洗涤电器制造有限公司,20260323-CWL032020-375783,1,2026-03-23,GB 38383-2019,45.0,50.0,10.6,0.607,1.33,1.33,22,
洗碗机,MOFR-Q10A,广东默克菲尔电气有限公司,20260323-CWL032020-578694,2,2026-03-23,GB 38383-2019,51.4,53.1,9.5,0.805,1.1,1.12,10,
洗碗机,JWV15-A8,华帝股份有限公司,20260320-CWL032020-479415,1,2026-03-20,GB 38383-2019,43.4,49.0,11.5,0.830,1.39,1.36,15,
洗碗机,WQ18-C5,海信(山东)厨卫有限公司,20260320-CWL032020-552294,1,2026-03-20,GB 38383-2019,38.3,49,12.0,0.88,1.35,1.34,18,
洗碗机,WQP13-05,宁波美高厨具有限公司,20260320-CWL032020-332433,1,2026-03-20,GB 38383-2019,42.5,46.6,9.9,0.726,1.30,1.30,13,
洗碗机,WQP13-03,宁波美高厨具有限公司,20260320-CWL032020-442874,1,2026-03-20,GB 38383-2019,42.5,46.6,9.9,0.726,1.30,1.30,13,
洗碗机,W80-S2U,杭州老板电器股份有限公司,20260319-CWL032020-680694,1,2026-03-19,GB 38383-2019,42.9,47.5,15.5,0.880,1.36,1.34,21,
洗碗机,CDE24Q-C3Max-1,上海科慕电器有限公司,20260318-CWL032020-853794,1,2026-03-18,GB 38383-2019,45.0,50.0,10.7,0.623,1.33,1.32,24,
洗碗机,EYBW17586GHU1,青岛海尔洗碗机有限公司,20260318-CWL032020-027741,1,2026-03-18,GB 38383-2019,39.1,46.9,11.6,0.850,1.33,1.28,17,
洗碗机,EYBW18586GHU1,青岛海尔洗碗机有限公司,20260318-CWL032020-280630,1,2026-03-18,GB 38383-2019,37.1,48.3,11.6,0.850,1.38,1.29,18,
洗碗机,EYBW16586GHU1,青岛海尔洗碗机有限公司,20260318-CWL032020-432743,1,2026-03-18,GB 38383-2019,45.0,50.0,12.6,0.820,1.30,1.25,16,
洗碗机,CWY22-DFZ67GHU1(W6Pro),青岛海尔洗碗机有限公司,20260318-CWL032020-344427,1,2026-03-18,GB 38383-2019,30.3,48.6,11.9,0.910,1.38,1.35,22,
洗碗机,CWY22-DFZ67GHU1(V6Pro),青岛海尔洗碗机有限公司,20260318-CWL032020-477194,1,2026-03-18,GB 38383-2019,30.3,48.6,11.9,0.910,1.38,1.35,22,
洗碗机,GX522,佛山市顺德区美的洗涤电器制造有限公司,20260317-CWL032020-770811,1,2026-03-17,GB 38383-2019,45.0,50.0,10.6,0.607,1.33,1.33,22,
洗碗机,DN19-DZ201PQDCN,智跃优创科技（苏州）有限公司,20260316-CWL032020-221423,1,2026-03-16,GB 38383-2019,41.3,47.6,13.6,0.856,1.32,1.32,19,
洗碗机,WQP10-D552,中山市地球村电器有限公司,20260314-CWL032020-503158,1,2026-03-14,GB 38383-2019,44.3,45.1,8.2,0.713,1.18,1.22,10,
洗碗机,JWB23-B6Max,华帝股份有限公司,20260313-CWL032020-840249,1,2026-03-13,GB 38383-2019,43.7,48.7,17.2,0.909,1.41,1.35,23,
洗碗机,JCX-E8L-800,西屋厨卫科技(广东)有限公司 ,20260313-CWL032020-435138,1,2026-03-13,GB 38383-2019,43.9,47.8,10.9,0.799,1.13,1.12,14,
洗碗机,DN19-DK502PQDCN,智跃优创科技（苏州）有限公司,20260312-CWL032020-160471,1,2026-03-12,GB 38383-2019,41.2,47.8,13.6,0.861,1.32,1.32,19,
洗碗机,W76B550,杭州老板电器股份有限公司,20260312-CWL032020-663745,1,2026-03-12,GB 38383-2019,41.6,46.0,12.9,0.847,1.36,1.34,20,
洗碗机,W76-S1,杭州老板电器股份有限公司,20260310-CWL032020-254463,1,2026-03-10,GB 38383-2019,37.1,44.8,12.8,0.823,1.36,1.34,20,
洗碗机,JWV15-A8 ,华帝股份有限公司,20260310-CWL032020-920329,1,2026-03-10,GB 38383-2019,45,50,11.9,0.835,1.39,1.36,15,
洗碗机,HWY22-SZ68GHU1,青岛海尔洗碗机有限公司,20260309-CWL032020-389323,1,2026-03-09,GB 38383-2019,30.3,48.6,11.9,0.910,1.38,1.34,22,
洗碗机,M20,佛山市顺德区美的洗涤电器制造有限公司,20260309-CWL032020-225682,1,2026-03-09,GB 38383-2019,45.0,50.0,10.4,0.591,1.33,1.33,20,
洗碗机,JWB-i26Y9,华帝股份有限公司,20260305-CWL032020-920581,1,2026-03-05,GB 38383-2019,41.1,49.6,15.5,0.916,1.38,1.34,22,
洗碗机,RX600Ultra白,佛山市顺德区美的洗涤电器制造有限公司,20260302-CWL032020-744967,1,2026-03-02,GB 38383-2019,45.0,50.0,10.2,0.575,1.33,1.33,18,
洗碗机,RX600Ultra,佛山市顺德区美的洗涤电器制造有限公司,20260302-CWL032020-072250,1,2026-03-02,GB 38383-2019,45.0,50.0,10.2,0.575,1.33,1.33,18,
洗碗机,GX6000WGT,佛山市顺德区美的洗涤电器制造有限公司,20260228-CWL032020-929812,1,2026-02-28,GB 38383-2019,45.0,50.0,10.7,0.623,1.33,1.33,24,
洗碗机,CDE24Q-C3Max-1,上海科慕电器有限公司,20260227-CWL032020-208790,1,2026-02-27,GB 38383-2019,45.0,50.0,10.7,0.623,1.33,1.33,24,
洗碗机,WQP10-D551,中山市地球村电器有限公司,20260227-CWL032020-643588,1,2026-02-27,GB 38383-2019,44.3,45.1,8.2,0.713,1.18,1.22,10,
洗碗机,NP-UW5BH6D,松下家电（中国）有限公司,20260227-CWL032020-677100,2,2026-02-27,GB 38383-2019,52.0,56.0,9.8,0.560,1.08,1.12,5,
洗碗机,EYDFVZW22686JHU1,青岛海尔洗碗机有限公司,20260226-CWL032020-104154,1,2026-02-26,GB 38383-2019,30.3,48.6,11.9,0.910,1.38,1.35,22,
洗碗机,WQP14-J10 PRO,广东万家乐燃气具有限公司,20260225-CWL032020-256067,1,2026-02-25,GB 38383-2019,42.6,46.6,10.6,0.779,1.32,1.30,14,
洗碗机,WQP14-C8 PRO,广东万家乐燃气具有限公司,20260225-CWL032020-069748,1,2026-02-25,GB 38383-2019,42.6,46.6,10.6,0.779,1.32,1.30,14,
洗碗机,WQP14-C8 MAX,广东万家乐燃气具有限公司,20260225-CWL032020-591694,1,2026-02-25,GB 38383-2019,42.6,46.6,10.6,0.779,1.32,1.30,14,
洗碗机,WF16-C507iMax,海信(山东)厨卫有限公司,20260224-CWL032020-045052,1,2026-02-24,GB 38383-2019,35.1,49.2,12.1,0.902,1.35,1.33,20,
洗碗机,WF18-C507iPro,海信(山东)厨卫有限公司,20260224-CWL032020-723020,1,2026-02-24,GB 38383-2019,35.1,49.2,12.1,0.902,1.35,1.33,20,
洗碗机,CWYL1CGHU1,青岛海尔洗碗机有限公司,20260224-CWL032020-873257,1,2026-02-24,GB 38383-2019,30.3,48.6,11.9,0.910,1.38,1.34,22,
洗碗机,LYZW20696GHU1(V1Y) ,青岛海尔洗碗机有限公司,20260224-CWL032020-733995,1,2026-02-24,GB 38383-2019,36.4,48.7,11.4,0.845,1.30,1.33,20,
洗碗机,HTD-I3pro-3,广东慧曼智能科技有限公司,20260224-CWL032020-189409,1,2026-02-24,GB 38383-2019,41.9,48.7,15.8,0.901,1.33,1.33,22,
洗碗机, HTD-B2plus-6（黑色）,广东慧曼智能科技有限公司,20260224-CWL032020-662829,1,2026-02-24,GB 38383-2019,41.9,48.7,15.8,0.901,1.33,1.33,22,
洗碗机,HTD-B2plus-6,广东慧曼智能科技有限公司,20260224-CWL032020-297280,1,2026-02-24,GB 38383-2019,41.9,48.7,15.8,0.901,1.33,1.33,22,
洗碗机,CDE24S-A21G,上海科慕电器有限公司,20260211-CWL032020-868164,1,2026-02-11,GB 38383-2019,45.0,50.0,10.7,0.623,1.33,1.33,24,
洗碗机,CDE24SK33Max,上海科慕电器有限公司,20260211-CWL032020-128467,1,2026-02-11,GB 38383-2019,45.0,50.0,10.7,0.623,1.33,1.33,24,
洗碗机,JWB23-B9 ,华帝股份有限公司,20260209-CWL032020-519336,1,2026-02-09,GB 38383-2019,43.7,48.7,17.2,0.909,1.41,1.35,23,
洗碗机,NP-8L9W1NA,松下家电(中国)有限公司,20260206-CWL032020-739143,1,2026-02-06,GB 38383-2019,45.0,50.0,14.8,0.896,1.24,1.28,19,
洗碗机,WQ20-U6,海信(山东)厨卫有限公司,20260204-CWL032020-380988,1,2026-02-04,GB 38383-2019,38.3,44.6,13.5,0.85,1.35,1.33,20,
洗碗机,HWY20-B68GHU1,青岛海尔洗碗机有限公司,20260204-CWL032020-681126,1,2026-02-04,GB 38383-2019,36.4,48.7,11.4,0.845,1.30,1.33,20,
洗碗机,CYZW2267GHU1,青岛海尔洗碗机有限公司,20260204-CWL032020-718750,1,2026-02-04,GB 38383-2019,30.3,48.6,11.9,0.910,1.38,1.34,22,
洗碗机,CYZW2267YYU1,青岛海尔洗碗机有限公司,20260204-CWL032020-618025,1,2026-02-04,GB 38383-2019,30.3,48.6,11.9,0.910,1.38,1.34,22,
洗碗机,W64A-V20,杭州老板电器股份有限公司,20260203-CWL032020-079705,1,2026-02-03,GB 38383-2019,37.7,45.6,10.0,0.780,1.36,1.34,15,
洗碗机,W60A-G3,杭州老板电器股份有限公司,20260202-CWL032020-476004,1,2026-02-02,GB 38383-2019,39.2,46.7,10.4,0.797,1.36,1.34,15,
洗碗机,GX7尊享版,佛山市顺德区美的洗涤电器制造有限公司,20260202-CWL032020-772473,1,2026-02-02,GB 38383-2019,45.0,50.0,10.7,0.623,1.33,1.33,24,
洗碗机,JBCD6E-03-N10,宁波方太厨具有限公司,20260202-CWL032020-171299,1,2026-02-02,GB 38383-2019,45.0,50.0,12.6,0.860,1.38,1.36,16,
洗碗机,JBCD6E-03-B-N10,宁波方太厨具有限公司,20260202-CWL032020-268482,1,2026-02-02,GB 38383-2019,45.0,50.0,12.6,0.860,1.38,1.36,16,
洗碗机,X7超窄,佛山市顺德区美的洗涤电器制造有限公司,20260130-CWL032020-865473,1,2026-01-30,GB 38383-2019,45.0,50.0,10.0,0.525,1.32,1.32,16,
洗碗机,X6S小蛮腰,佛山市顺德区美的洗涤电器制造有限公司,20260130-CWL032020-886850,1,2026-01-30,GB 38383-2019,45.0,50.0,10.0,0.525,1.32,1.32,16,
洗碗机,WQP14-S6,广东万家乐燃气具有限公司,20260129-CWL032020-024214,1,2026-01-29,GB 38383-2019,42.6,46.6,10.6,0.779,1.32,1.30,14,
洗碗机,CRXW13-6402,华润燃气投资（中国）有限公司,20260129-CWL032020-372070,1,2026-01-29,GB 38383-2019,48.0,55.0,9.5,0.78,1.28,1.15,13,
洗碗机,WQ20-U8,海信(山东)厨卫有限公司,20260129-CWL032020-371545,1,2026-01-29,GB 38383-2019,38.3,44.6,13.5,0.85,1.35,1.33,20,
洗碗机,JDW-B14BW,上海小吉互联网科技有限公司,20260128-CWL032020-167681,1,2026-01-28,GB 38383-2019,44.2,48.0,11.0,0.790,1.31,1.30,14,
洗碗机,JWB-i26Y9 ,华帝股份有限公司,20260128-CWL032020-657117,1,2026-01-28,GB 38383-2019,41.1,49.6,15.5,0.916,1.40,1.24,22,
洗碗机,DW18PRO ,上海恺德家用电器有限公司,20260126-CWL032020-672658,1,2026-01-26,GB 38383-2019,43,49,12,0.82,1.25,1.23,16,
洗碗机,DW16WS1,上海恺德家用电器有限公司,20260126-CWL032020-686507,1,2026-01-26,GB 38383-2019,43,49,12,0.82,1.25,1.23,16,
洗碗机,DW16BS1,上海恺德家用电器有限公司,20260126-CWL032020-946157,1,2026-01-26,GB 38383-2019,43,49,12,0.82,1.25,1.23,16,
洗碗机,EYZW2286U1(W5000Plus2.0白),青岛海尔洗碗机有限公司,20260126-CWL032020-825041,1,2026-01-26,GB 38383-2019,30.3,48.6,11.9,0.910,1.38,1.34,22,
洗碗机,JPSD1T-U7,宁波方太厨具有限公司,20260126-CWL032020-447117,1,2026-01-26,GB 38383-2019,45.0,50.0,6.1,0.520,1.22,1.20,7,
洗碗机,S624GT,佛山市顺德区美的洗涤电器制造有限公司,20260123-CWL032020-402936,1,2026-01-23,GB 38383-2019,45.0,50.0,10.7,0.623,1.33,1.33,24,
洗碗机,MH7000,星旷创新科技（苏州）有限公司,20260123-CWL032020-367445,1,2026-01-23,GB 38383-2019,42.2,47.6,13.9,0.853,1.31,1.30,19,
洗碗机,L8,佛山市顺德区美的洗涤电器制造有限公司,20260123-CWL032020-907391,1,2026-01-23,GB 38383-2019,45.0,50.0,12.5,0.865,1.32,1.31,18,
洗碗机,JWF-i26X1,华帝股份有限公司,20260122-CWL032020-823774,1,2026-01-22,GB 38383-2019,43.1,48.1,13.5,0.841,1.33,1.28,18,
洗碗机,W80B800,杭州老板电器股份有限公司,20260122-CWL032020-685165,1,2026-01-22,GB 38383-2019,41.6,47.0,21.0,0.980,1.36,1.34,30,
洗碗机,JPSD1T-U8,宁波方太厨具有限公司,20260120-CWL032020-938111,1,2026-01-20,GB 38383-2019,45.0,50.0,6.1,0.520,1.22,1.20,7,
洗碗机,X6S Ultra,佛山市顺德区美的洗涤电器制造有限公司,20260119-CWL032020-276803,1,2026-01-19,GB 38383-2019,45.0,50.0,10.4,0.591,1.33,1.33,20,
洗碗机,HDI-F158CVB,Arcelik Hitachi Home Appliances (Thailand) Ltd.,20260115-CWL032020-754214,1,2026-01-15,GB 38383-2019,46,49,12.1, 0.841,1.08,1.12,15,
洗碗机,GX1600Max尊享版,佛山市顺德区美的洗涤电器制造有限公司,20260112-CWL032020-893742,1,2026-01-12,GB 38383-2019,45.0,50.0,10.7,0.623,1.33,1.33,24,
洗碗机,DW-UD15309 ,珠海格力电器股份有限公司,20260109-CWL032020-345939,1,2026-01-09,GB 38383-2019,43,47.7,11.4,0.810,1.26,1.18,15,
洗碗机,WQP19-D3-S3 Pro,广东万和电气有限公司,20260107-CWL032020-439591,1,2026-01-07,GB 38383-2019,41.3,47.8,13.6,0.861,1.32,1.32,19,
洗碗机,LBW16685GHU1(V1Z),青岛海尔洗碗机有限公司,20260106-CWL032020-669003,1,2026-01-06,GB 38383-2019,45.0,50.0,12.6,0.850,1.30,1.30,16,
洗碗机,LTW868YHU1(V1T),青岛海尔洗碗机有限公司,20260106-CWL032020-465708,1,2026-01-06,GB 38383-2019,45.0,50.0,5.5,0.370,1.37,1.29,8,
洗碗机,P80,佛山市顺德区美的洗涤电器制造有限公司,20260106-CWL032020-237940,1,2026-01-06,GB 38383-2019,45.0,50.0,10.6,0.607,1.33,1.33,22,
洗碗机,WQ13-UD13Z  ,佛山市顺德区优盟电器有限公司            ,20260106-CWL032020-611678,1,2026-01-06,GB 38383-2019,44.7,48.0,11.1,0.805,1.24,1.14,14,
洗碗机,QGJRJW01-EH,广东洁诺生活电器有限公司,20251231-CWL032020-714383,1,2025-12-31,GB 38383-2019,42.6,46.6,10.6,0.779,1.32,1.26,14,
洗碗机,QGJRBF01-EH,广东洁诺生活电器有限公司,20251231-CWL032020-520557,1,2025-12-31,GB 38383-2019,42.6,44.4,10.6,0.738,1.32,1.32,14,
洗碗机,JBCD7E-03-B-V18Max,宁波方太厨具有限公司,20251230-CWL032020-676371,1,2025-12-30,GB 38383-2019,45.0,50.0,17.6,0.949,1.38,1.36,23,
洗碗机,JBCD7E-03-V18Max,宁波方太厨具有限公司,20251230-CWL032020-564650,1,2025-12-30,GB 38383-2019,45.0,50.0,17.6,0.949,1.38,1.36,23,
洗碗机,JBCD6E-03-N5,宁波方太厨具有限公司,20251230-CWL032020-860040,1,2025-12-30,GB 38383-2019,45.0,50.0,11.9,0.840,1.33,1.33,15,
洗碗机,DW-UD15309   ,珠海格力电器股份有限公司,20251230-CWL032020-674331,1,2025-12-30,GB 38383-2019,43,47.7,11.4,0.810,1.18,1.18,15,
洗碗机,JBCD6E-03-N10,宁波方太厨具有限公司,20251230-CWL032020-130723,1,2025-12-30,GB 38383-2019,45.0,50.0,12.6,0.860,1.36,1.34,16,
洗碗机,JBCD6E-03-B-N10,宁波方太厨具有限公司,20251230-CWL032020-145326,1,2025-12-30,GB 38383-2019,45.0,50.0,12.6,0.860,1.36,1.34,16,
洗碗机,JBCD7E-04-Y1,宁波方太厨具有限公司,20251230-CWL032020-204414,1,2025-12-30,GB 38383-2019,45.0,50.0,19.1,0.970,1.38,1.36,25,
洗碗机,JBCD7E-04-X20Max,宁波方太厨具有限公司,20251230-CWL032020-368926,1,2025-12-30,GB 38383-2019,45.0,50.0,19.1,0.970,1.38,1.36,25,
洗碗机,JBCD7E-04-Z5,宁波方太厨具有限公司,20251230-CWL032020-295052,1,2025-12-30,GB 38383-2019,45.0,50.0,19.1,0.970,1.38,1.36,25,
洗碗机,JBCD7E-04-X20,宁波方太厨具有限公司,20251230-CWL032020-818057,1,2025-12-30,GB 38383-2019,45.0,50.0,19.1,0.970,1.38,1.36,25,
洗碗机,JBCD7E-04-M-Y1,宁波方太厨具有限公司,20251230-CWL032020-156631,1,2025-12-30,GB 38383-2019,45.0,50.0,19.1,0.970,1.38,1.36,25,
洗碗机,JBCD7E-03-B-V18,宁波方太厨具有限公司,20251230-CWL032020-120014,1,2025-12-30,GB 38383-2019,45.0,50.0,16.2,0.924,1.36,1.34,21,
洗碗机,JBCD7E-03-V18,宁波方太厨具有限公司,20251230-CWL032020-051675,1,2025-12-30,GB 38383-2019,45.0,50.0,16.2,0.924,1.36,1.34,21,
洗碗机,JBCD7E-04-H2,宁波方太厨具有限公司,20251230-CWL032020-053497,1,2025-12-30,GB 38383-2019,45.0,50.0,15.5,0.910,1.36,1.34,20,
洗碗机,JBCD7E-03-T70,宁波方太厨具有限公司,20251230-CWL032020-887757,1,2025-12-30,GB 38383-2019,45.0,50.0,14.8,0.890,1.36,1.34,19,
洗碗机,JBCD7E-04-H-H1,宁波方太厨具有限公司,20251230-CWL032020-590881,1,2025-12-30,GB 38383-2019,45.0,50.0,16.9,0.930,1.38,1.36,22,
洗碗机,JBCD7E-04-H1,宁波方太厨具有限公司,20251230-CWL032020-557585,1,2025-12-30,GB 38383-2019,45.0,50.0,16.9,0.930,1.38,1.36,22,
洗碗机,X7黑,佛山市顺德区美的洗涤电器制造有限公司,20251229-CWL032020-424210,1,2025-12-29,GB 38383-2019,45.0,50.0,10.6,0.607,1.33,1.33,22,
洗碗机,X7白  ,佛山市顺德区美的洗涤电器制造有限公司,20251229-CWL032020-141071,1,2025-12-29,GB 38383-2019,45.0,50.0,10.6,0.607,1.33,1.33,22,
洗碗机,JBCD6E-04-G6,宁波方太厨具有限公司,20251227-CWL032020-215993,1,2025-12-27,GB 38383-2019,45.0,50.0,13.3,0.870,1.38,1.36,17,
洗碗机,JBCD6E-04-G1,宁波方太厨具有限公司,20251227-CWL032020-631201,1,2025-12-27,GB 38383-2019,45.0,50.0,12.6,0.860,1.36,1.34,16,
洗碗机,JBCD6E-04-G7,宁波方太厨具有限公司,20251227-CWL032020-263340,1,2025-12-27,GB 38383-2019,45.0,50.0,12.6,0.860,1.36,1.34,16,
洗碗机,JBSD2T-02-D1L,宁波方太厨具有限公司,20251227-CWL032020-743666,1,2025-12-27,GB 38383-2019,45.0,50.0,8.3,0.786,1.26,1.24,10,
洗碗机,JBSD2T-02-D1,宁波方太厨具有限公司,20251227-CWL032020-730383,1,2025-12-27,GB 38383-2019,45.0,50.0,8.3,0.786,1.26,1.24,10,
洗碗机,JBSD2T-02-M1SL,宁波方太厨具有限公司,20251227-CWL032020-902384,1,2025-12-27,GB 38383-2019,45.0,50.0,8.3,0.786,1.26,1.24,10,
洗碗机,JBSD2T-02-M1S,宁波方太厨具有限公司,20251227-CWL032020-593949,1,2025-12-27,GB 38383-2019,45.0,50.0,8.3,0.786,1.26,1.24,10,
洗碗机,WQP16-D3-X1 Pro,广东万和电气有限公司,20251226-CWL032020-156960,1,2025-12-26,GB 38383-2019,43.5,47.5,12.2,0.816,1.31,1.30,16,
洗碗机,W76A-G3L,杭州老板电器股份有限公司,20251225-CWL032020-418076,1,2025-12-25,GB 38383-2019,35.1,43.9,12.66,0.811,1.36,1.34,21,
洗碗机,SK-X18,广东索奇实业有限公司,20251223-CWL032020-386972,1,2025-12-23,GB 38383-2019,36.7,49.1,11.5,0.870,1.30,1.30,18,
洗碗机,W76-i1 Pro,杭州老板电器股份有限公司,20251218-CWL032020-745988,1,2025-12-18,GB 38383-2019,36.5,48.5,12.6,0.887,1.36,1.34,20,
洗碗机,XW-08,广州绘迦贸易有限公司,20251218-CWL032020-713767,1,2025-12-18,GB 38383-2019,44.6,47.9,11.1,0.803,1.25,1.14,14,
洗碗机,WQP14-AKC10,佛山市爱晟智能电器有限公司,20251218-CWL032020-563787,1,2025-12-18,GB 38383-2019,44.7,47.9,11.1,0.802,1.25,1.14,14,
洗碗机,JBCD7E-04-X2,宁波方太厨具有限公司,20251217-CWL032020-726415,1,2025-12-17,GB 38383-2019,45.0,50.0,18.4,0.960,1.36,1.34,24,
洗碗机,HWY22-DS68WGHU1,青岛海尔洗碗机有限公司,20251217-CWL032020-129245,1,2025-12-17,GB 38383-2019,30.3,48.6,11.9,0.910,1.38,1.34,22,
洗碗机,WQP16-D3-X1,广东万和电气有限公司,20251215-CWL032020-229125,1,2025-12-15,GB 38383-2019,43.5,47.5,12.2,0.816,1.31,1.30,16,
洗碗机,XQD14T-X506Pro,浙江帅康电气股份有限公司,20251212-CWL032020-851904,1,2025-12-12,GB 38383-2019,42.6,46.6,10.6,0.779,1.32,1.26,14,
洗碗机,GT603,佛山市冈田健康科技有限公司,20251212-CWL032020-134088,1,2025-12-12,GB 38383-2019,44.6,47.9,11.1,0.802,1.25,1.14,14,
洗碗机,GT603BF,佛山市冈田健康科技有限公司,20251212-CWL032020-131571,1,2025-12-12,GB 38383-2019,43.9,47.8,10.9,0.799,1.13,1.12,14,
洗碗机,L6,佛山市顺德区美的洗涤电器制造有限公司,20251208-CWL032020-805022,1,2025-12-08,GB 38383-2019,45.0,50.0,11.9,0.835,1.38,1.30,15,
洗碗机,SJ43HB06MC,博西华家用电器有限公司,20251204-CWL032020-348670,1,2025-12-04,GB 38383-2019,31.0,48.0,10.4,0.870,1.33,1.31,20,
洗碗机,SJ43HB03MC,博西华家用电器有限公司,20251204-CWL032020-815761,1,2025-12-04,GB 38383-2019,31.0,48.0,10.4,0.870,1.33,1.31,20,
洗碗机,SJ65ZX06MC,博西华家用电器有限公司,20251204-CWL032020-297544,1,2025-12-04,GB 38383-2019,34.0,43.0,10.4,0.760,1.26,1.29,18,
洗碗机,SJ45ZC06MC,博西华家用电器有限公司,20251204-CWL032020-987607,1,2025-12-04,GB 38383-2019,34.0,43.0,10.4,0.760,1.26,1.29,18,
洗碗机,SE43EB06KC,博西华家用电器有限公司,20251204-CWL032020-368742,1,2025-12-04,GB 38383-2019,35.0,42.0,9.7,0.725,1.32,1.32,16,
洗碗机,JBSD2T-YU10,宁波方太厨具有限公司,20251203-CWL032020-256236,1,2025-12-03,GB 38383-2019,45.0,50.0,7.6,0.610,1.26,1.24,9,
洗碗机,JBSD2T-B-YU10,宁波方太厨具有限公司,20251203-CWL032020-480986,1,2025-12-03,GB 38383-2019,45.0,50.0,7.6,0.610,1.26,1.24,9,
洗碗机,JBSD2T-B-YU10L,宁波方太厨具有限公司,20251203-CWL032020-985309,1,2025-12-03,GB 38383-2019,45.0,50.0,7.6,0.610,1.26,1.24,9,
洗碗机,JBSD2T-YU10L,宁波方太厨具有限公司,20251203-CWL032020-051777,1,2025-12-03,GB 38383-2019,45.0,50.0,7.6,0.610,1.26,1.24,9,
洗碗机,JBSD2T-J10L,宁波方太厨具有限公司,20251203-CWL032020-041958,1,2025-12-03,GB 38383-2019,45.0,50.0,7.6,0.610,1.26,1.24,9,
洗碗机,JBSD1T-U10,宁波方太厨具有限公司,20251203-CWL032020-285609,1,2025-12-03,GB 38383-2019,45.0,50.0,7.6,0.610,1.26,1.24,9,
洗碗机,JBSD2T-J10,宁波方太厨具有限公司,20251203-CWL032020-995258,1,2025-12-03,GB 38383-2019,45.0,50.0,7.6,0.610,1.26,1.24,9,
洗碗机,JBSD1T-B-U10,宁波方太厨具有限公司,20251203-CWL032020-556692,1,2025-12-03,GB 38383-2019,45.0,50.0,7.6,0.610,1.26,1.24,9,
洗碗机,S522,佛山市顺德区美的洗涤电器制造有限公司,20251128-CWL032020-439965,1,2025-11-28,GB 38383-2019,45.0,50.0,10.6,0.607,1.33,1.33,22,
洗碗机,S622,佛山市顺德区美的洗涤电器制造有限公司,20251128-CWL032020-391336,1,2025-11-28,GB 38383-2019,45.0,50.0,10.6,0.607,1.33,1.33,22,
洗碗机,W76-i1 Pro,杭州老板电器股份有限公司,20251127-CWL032020-394862,1,2025-11-27,GB 38383-2019,33.3,46.9,11.5,0.862,1.36,1.34,20,
洗碗机,W64-S2,杭州老板电器股份有限公司,20251127-CWL032020-103330,1,2025-11-27,GB 38383-2019,37.7,45.6,10.0,0.780,1.36,1.34,15,
洗碗机,W64-G30,杭州老板电器股份有限公司,20251127-CWL032020-659838,1,2025-11-27,GB 38383-2019,37.7,45.6,10.0,0.780,1.36,1.34,15,
洗碗机,WQP18-18A,深圳火王智能厨电股份有限公司,20251127-CWL032020-861024,1,2025-11-27,GB 38383-2019,37.4,48.1,11.7,0.840,1.23,1.18,18,
洗碗机,LSCD001,"宁波市栗上创新科技有限公司
",20251126-CWL032020-361836,1,2025-11-26,GB 38383-2019,26.6,47.2,4.2,0.401,1.24,1.21,3,
洗碗机,CWYL1CU1,青岛海尔洗碗机有限公司,20251126-CWL032020-561495,1,2025-11-26,GB 38383-2019,30.3,48.6,11.9,0.910,1.38,1.35,22,
洗碗机,MOFR-2BF5                ,广东默克菲尔电气有限公司,20251125-CWL032020-969637,1,2025-11-25,GB 38383-2019,44.7,48.5,8.5,0.493,1.19,1.12,5,
洗碗机,MOFR-2AF5                ,广东默克菲尔电气有限公司,20251125-CWL032020-540764,1,2025-11-25,GB 38383-2019,44.7,48.5,8.5,0.493,1.19,1.12,5,
洗碗机,454B01AC14Pro  ,德国百诗顿股份有限公司,20251125-CWL032020-962729,1,2025-11-25,GB 38383-2019,43.9,47.8,10.9,0.799,1.13,1.12,14,
洗碗机,WQD13-FG (B),上海林内有限公司 ,20251125-CWL032020-756636,1,2025-11-25,GB 38383-2019,42.9,46.0,10.0,0.756,1.31,1.30,13,
洗碗机,WQP7-05A,合肥荣耀厨房设备有限公司,20251124-CWL032020-400356,1,2025-11-24,GB 38383-2019,45,50,6.2,0.540,1.08,1.12,7,
洗碗机,HWY22-SZ696GHU1,青岛海尔洗碗机有限公司,20251124-CWL032020-620615,1,2025-11-24,GB 38383-2019,30.3,48.6,11.9,0.910,1.38,1.35,22,
洗碗机,EYSZW22586SHU1,青岛海尔洗碗机有限公司,20251124-CWL032020-051756,1,2025-11-24,GB 38383-2019,30.3,48.6,11.9,0.910,1.38,1.34,22,
洗碗机,EYFZW22586SHU1,青岛海尔洗碗机有限公司,20251124-CWL032020-298184,1,2025-11-24,GB 38383-2019,30.3,48.6,11.9,0.910,1.38,1.35,22,
洗碗机,JP-15B135G,日本松下奈緒有限公司,20251121-CWL032020-223172,1,2025-11-21,GB 38383-2019,43.8,47.8,10.9,0.799,1.13,1.12,14,
洗碗机,DW60-D972,欧派家居集团股份有限公司,20251121-CWL032020-140674,1,2025-11-21,GB 38383-2019,45,50,13.6,0.855,1.08,1.12,18,
洗碗机,WD5-M01,海信(山东)厨卫有限公司 ,20251120-CWL032020-341634,1,2025-11-20,GB 38383-2019,30.5,45.3,5.8,0.451,1.30,1.31,5,
洗碗机,W7T-01GB   ,中山市浩乐电器制造有限公司 ,20251119-CWL032020-154992,1,2025-11-19,GB 38383-2019,45,50,6.2,0.540,1.08,1.12,7,
洗碗机,FFF7880ZXA,伊莱克斯（中国）电器有限公司 ,20251118-CWL032020-500813,1,2025-11-18,GB 38383-2019,30.7,43.2,14.0,0.884,1.14,1.15,18,
洗碗机,HWY22-S566SHU1,青岛海尔洗碗机有限公司,20251118-CWL032020-119468,1,2025-11-18,GB 38383-2019,30.3,48.6,11.9,0.910,1.38,1.35,22,
洗碗机,CWY22-DFZ696GHU1(Y6Pro),青岛海尔洗碗机有限公司,20251117-CWL032020-530294,1,2025-11-17,GB 38383-2019,30.3,48.6,11.9,0.910,1.38,1.35,22,
洗碗机,WQP18-W535,广州索菲亚供应链有限公司,20251117-CWL032020-221588,1,2025-11-17,GB 38383-2019,43.1,47.2,13.5,0.820,1.30,1.30,18,
洗碗机,WQP12-W525,广州索菲亚供应链有限公司,20251117-CWL032020-554390,1,2025-11-17,GB 38383-2019,41.9,45.6,9.1,0.743,1.24,1.19,12,
洗碗机,CWY22-Z67GHU1(S6),青岛海尔洗碗机有限公司,20251114-CWL032020-815030,1,2025-11-14,GB 38383-2019,30.3,48.6,11.9,0.910,1.38,1.34,22,
洗碗机,CWY22-Z67BHU1(W6),青岛海尔洗碗机有限公司,20251114-CWL032020-091794,1,2025-11-14,GB 38383-2019,30.3,48.6,11.9,0.910,1.38,1.34,22,
洗碗机,CWY22-Z696GHU1(V6),青岛海尔洗碗机有限公司,20251114-CWL032020-546680,1,2025-11-14,GB 38383-2019,30.3,48.6,11.9,0.910,1.38,1.34,22,
洗碗机,WQP14-JCX-C7-600,西屋厨卫科技(广东)有限公司 ,20251114-CWL032020-594552,1,2025-11-14,GB 38383-2019,43.9,47.8,10.9,0.799,1.13,1.12,14,
洗碗机,CWC10-B57GQU1(N11ZPro洗),青岛海尔洗碗机有限公司,20251107-CWL032020-648865,1,2025-11-07,GB 38383-2019,40,48.7,7.4,0.666,1.38,1.36,10,
洗碗机,CWC10-B69U1(N11X),青岛海尔洗碗机有限公司,20251107-CWL032020-072427,1,2025-11-07,GB 38383-2019,40,48.7,7.4,0.666,1.38,1.36,10,
洗碗机,HTD-B2Pro-65(黑色),广东慧曼智能科技有限公司,20251106-CWL032020-312325,1,2025-11-06,GB 38383-2019,45.0,50.0,11.0,0.800,1.30,1.30,14,
洗碗机,HTD-B2Pro-65,广东慧曼智能科技有限公司,20251106-CWL032020-668687,1,2025-11-06,GB 38383-2019,45.0,50.0,11.0,0.800,1.30,1.30,14,
洗碗机,HTD-C2 Pro（黑色）,广东惠曼科技有限公司 ,20251105-CWL032020-801302,1,2025-11-05,GB 38383-2019,37.3,43.4,5.7,0.495,1.30,1.30,8,
洗碗机,HTD-C2 Pro,广东惠曼科技有限公司 ,20251105-CWL032020-519966,1,2025-11-05,GB 38383-2019,37.3,43.4,5.7,0.495,1.30,1.30,8,
洗碗机,V9 Plus,佛山市顺德区美的洗涤电器制造有限公司,20251105-CWL032020-795907,1,2025-11-05,GB 38383-2019,45.0,50.0,11.9,0.835,1.38,1.30,15,
洗碗机,GS01D-13 ,中山市初禾电器科技有限公司 ,20251103-CWL032020-218269,1,2025-11-03,GB 38383-2019,30.0,48.7,7.0,0.797,1.09,1.15,13,
洗碗机,GS01C-13 ,中山市初禾电器科技有限公司 ,20251103-CWL032020-381666,1,2025-11-03,GB 38383-2019,30.0,48.7,7.0,0.797,1.09,1.15,13,
洗碗机,GS01B-13 ,中山市初禾电器科技有限公司 ,20251103-CWL032020-246029,1,2025-11-03,GB 38383-2019,30.0,48.7,7.0,0.797,1.09,1.15,13,
洗碗机,FFF9892SXA,伊莱克斯（中国）电器有限公司 ,20251101-CWL032020-708870,1,2025-11-01,GB 38383-2019,37.7,44.0,14.0,0.884,1.13,1.18,18,
洗碗机,FFF8890SBA ,伊莱克斯（中国）电器有限公司 ,20251101-CWL032020-858016,1,2025-11-01,GB 38383-2019,37.5,44.6,14.0,0.884,1.13,1.17,18,
洗碗机,FBF9842SBA ,伊莱克斯（中国）电器有限公司 ,20251101-CWL032020-321600,1,2025-11-01,GB 38383-2019,39.0,44.5,14.0,0.884,1.17,1.16,18,
洗碗机,FBF8630SBA,伊莱克斯（中国）电器有限公司,20251101-CWL032020-650333,1,2025-11-01,GB 38383-2019,35.7,43.5,12.6,0.860,1.20,1.22,16,
洗碗机,EBF7830SBA,伊莱克斯（中国）电器有限公司,20251101-CWL032020-768641,1,2025-11-01,GB 38383-2019,31.8,43.3,14,0.884,1.14,1.18,18,
洗碗机,WF18-C507iPro ,海信(山东)厨卫有限公司,20251031-CWL032020-022096,1,2025-10-31,GB 38383-2019,31,49,9.7,0.872,1.35,1.26,18,
洗碗机,GS01A-13 ,中山市初禾电器科技有限公司 ,20251031-CWL032020-441791,1,2025-10-31,GB 38383-2019,30.0,48.7,7.0,0.797,1.09,1.15,13,
洗碗机,CWC10-B57GQU1(N11ZPro洗),青岛海尔洗碗机有限公司 ,20251031-CWL032020-480434,1,2025-10-31,GB 38383-2019,36.1,48.7,6.7,0.666,1.38,1.36,10,
洗碗机,CWC10-B69U1(N11X) ,青岛海尔洗碗机有限公司 ,20251031-CWL032020-567289,1,2025-10-31,GB 38383-2019,36.1,48.7,6.7,0.666,1.38,1.36,10,
洗碗机,WD16-M25W,海信(山东)厨卫有限公司,20251031-CWL032020-153776,1,2025-10-31,GB 38383-2019,29.5,49.3,8.3,0.854,1.35,1.30,16,
洗碗机,GS01-13 ,中山市初禾电器科技有限公司 ,20251031-CWL032020-921633,1,2025-10-31,GB 38383-2019,30.0,48.7,7.0,0.797,1.09,1.15,13,
洗碗机,QLK-T09,中山市梅洛迪电器有限公司,20251029-CWL032020-184858,1,2025-10-29,GB 38383-2019,75,80,2.9,0.287,0.86,1.12,4,
洗碗机,26594T-NA ,科勒（中国）投资有限公司,20251029-CWL032020-330387,2,2025-10-29,GB 38383-2019,52,56,7.6,0.632,1.08,1.12,8,
洗碗机,DG1-A5205, 广东海新智能厨房股份有限公司,20251028-CWL032020-725765,1,2025-10-28,GB 38383-2019,40.3,45.2,9.4,0.749,1.15,1.13,13,
洗碗机,W76-S2,杭州老板电器股份有限公司,20251022-CWL032020-829910,1,2025-10-22,GB 38383-2019,33,46.7,11.4,0.858,1.36,1.34,20,
洗碗机,MJ6000,星旷创新科技（苏州）有限公司,20251017-CWL032020-467662,1,2025-10-17,GB 38383-2019,41.3,47.6,13.6,0.857,1.32,1.32,19,
洗碗机,ETW83286KHU1,青岛海尔洗碗机有限公司 ,20251017-CWL032020-535115,1,2025-10-17,GB 38383-2019,45,50,6.6,0.509,1.30,1.30,8,
洗碗机,WQP19-X3-M6,广东万和电气有限公司,20251013-CWL032020-124483,1,2025-10-13,GB 38383-2019,41.3,47.9,13.6,0.860,1.32,1.32,19,
洗碗机,WQP19-X3-A6,广东万和电气有限公司,20251013-CWL032020-462161,1,2025-10-13,GB 38383-2019,41.3,47.9,13.6,0.860,1.32,1.32,19,
洗碗机,WQP16-X3-Q1,广东万和电气有限公司,20251013-CWL032020-881871,1,2025-10-13,GB 38383-2019,43.5,47.5,12.2,0.816,1.31,1.30,16,
洗碗机,JZ-T5M01,佛山市百斯特电器科技有限公司,20251011-CWL032020-530499,1,2025-10-11,GB 38383-2019,45,50,5.7,0.470,1.30,1.31,5,
洗碗机,MK7000,星旷创新科技（苏州）有限公司,20251010-CWL032020-811487,1,2025-10-10,GB 38383-2019,37.4,49.4,10.5,0.850,1.12,1.15,16,
洗碗机,MK6000A,星旷创新科技（苏州）有限公司,20251010-CWL032020-982909,1,2025-10-10,GB 38383-2019,37.4,49.4,10.5,0.850,1.12,1.15,16,
洗碗机,DW610A,金牌厨柜电器科技有限责任公司,20251008-CWL032020-213710,2,2025-10-08,GB 38383-2019,49.7,51.7,10.8,0.843,1.13,1.21,12,
洗碗机,WQP4-6208,佛山市百斯特电器科技有限公司,20250930-CWL032020-189272,1,2025-09-30,GB 38383-2019,45,50,5.7,0.470,1.30,1.31,5,
洗碗机,JZ-T8S01,佛山市百斯特电器科技有限公司,20250930-CWL032020-304287,1,2025-09-30,GB 38383-2019,38,50,5.7,0.540,1.30,1.30,8,
洗碗机,WQP8-DQ1,合肥荣耀厨房设备有限公司,20250926-CWL032020-115547,3,2025-09-26,GB 38383-2019,52.3,55.9,8.0,0.649,1.07,1.23,8,
洗碗机,WQP14-Q11,合肥荣耀厨房设备有限公司 ,20250926-CWL032020-013503,1,2025-09-26,GB 38383-2019,44.7,47.9,11.1,0.802,1.25,1.14,14,
洗碗机,WQP14-Q10 ,合肥荣耀厨房设备有限公司 ,20250926-CWL032020-322285,1,2025-09-26,GB 38383-2019,44.7,47.9,11.1,0.802,1.25,1.14,14,
洗碗机,091W,杭州名气电器有限公司,20250925-CWL032020-081013,1,2025-09-25,GB 38383-2019,39.4,47.2,9.8,0.796,1.36,1.34,14,
洗碗机,W60B01A,杭州老板电器股份有限公司,20250925-CWL032020-881272,1,2025-09-25,GB 38383-2019,39.4,47.2,9.8,0.796,1.36,1.34,14,
洗碗机,W60-B60D,杭州老板电器股份有限公司,20250925-CWL032020-769703,1,2025-09-25,GB 38383-2019,39.4,47.2,9.8,0.796,1.36,1.34,14,
洗碗机,WQP14-Q12  ,合肥荣耀厨房设备有限公司 ,20250925-CWL032020-709357,1,2025-09-25,GB 38383-2019,44.7,47.9,11.1,0.802,1.25,1.14,14,
洗碗机,WQP14-Q12BF,合肥荣耀厨房设备有限公司,20250925-CWL032020-177588,1,2025-09-25,GB 38383-2019,43.9,47.8,10.9,0.799,1.13,1.12,14,
洗碗机,V6 Pro,佛山市顺德区美的洗涤电器制造有限公司,20250924-CWL032020-523249,1,2025-09-24,GB 38383-2019,45.0,50.0,11.9,0.835,1.38,1.30,15,
洗碗机,V6 ,佛山市顺德区美的洗涤电器制造有限公司,20250924-CWL032020-909704,1,2025-09-24,GB 38383-2019,45.0,50.0,11.9,0.835,1.38,1.30,15,
洗碗机,EYDSZW1858SHU1,青岛海尔洗碗机有限公司,20250923-CWL032020-654913,1,2025-09-23,GB 38383-2019,37.0,49.4,11.6,0.850,1.38,1.33,18,
洗碗机,KDE-SA12,陕西康佳智能家电有限公司,20250923-CWL032020-119320,1,2025-09-23,GB 38383-2019,42.5,48.8,9.2,0.790,1.29,1.15,12,
洗碗机,KDE-SA12-1,陕西康佳智能家电有限公司,20250923-CWL032020-696756,1,2025-09-23,GB 38383-2019,42.5,48.8,9.2,0.790,1.29,1.15,12,
洗碗机,JZMG16-D1,宁波美高厨具有限公司,20250922-CWL032020-502455,1,2025-09-22,GB 38383-2019,43.8,46.6,12.3,0.776,1.31,1.31,16,
洗碗机,W76B700,杭州老板电器股份有限公司,20250919-CWL032020-106494,1,2025-09-19,GB 38383-2019,34.5,45.7,13,0.861,1.36,1.34,22,
洗碗机,W76F-S2L,杭州老板电器股份有限公司,20250919-CWL032020-383420,1,2025-09-19,GB 38383-2019,34.5,45.7,13,0.861,1.36,1.34,22,
洗碗机,W76-S2L,杭州老板电器股份有限公司,20250919-CWL032020-251812,1,2025-09-19,GB 38383-2019,34.5,45.7,13.0,0.861,1.36,1.34,22,
洗碗机,W76B600,杭州老板电器股份有限公司,20250919-CWL032020-690304,1,2025-09-19,GB 38383-2019,34.5,45.7,13.0,0.861,1.36,1.34,22,
洗碗机,W76B610,杭州老板电器股份有限公司,20250919-CWL032020-057017,1,2025-09-19,GB 38383-2019,34.5,45.7,13.0,0.861,1.36,1.34,22,
洗碗机,DN19-DZ6U01QCN,智跃优创科技（苏州）有限公司,20250918-CWL032020-242975,1,2025-09-18,GB 38383-2019,41.3,47.6,13.6,0.856,1.32,1.32,19,
洗碗机,CDG24QH-X2A-5,上海科慕电器有限公司,20250918-CWL032020-840813,1,2025-09-18,GB 38383-2019,45.0,50.0,10.8,0.624,1.38,1.36,24,
洗碗机,CDG24QH-X2-5,上海科慕电器有限公司,20250917-CWL032020-343045,1,2025-09-17,GB 38383-2019,45.0,50.0,10.8,0.624,1.38,1.36,24,
洗碗机,JPSD2T-J5MaxL,宁波方太厨具有限公司,20250917-CWL032020-915877,1,2025-09-17,GB 38383-2019,45.0,50.0,6.1,0.520,1.22,1.20,7,
洗碗机,JPSD2T-J5Max,宁波方太厨具有限公司,20250917-CWL032020-867306,1,2025-09-17,GB 38383-2019,45.0,50.0,6.1,0.520,1.22,1.20,7,
洗碗机,JPSD2T-J2MaxL,宁波方太厨具有限公司,20250917-CWL032020-098030,1,2025-09-17,GB 38383-2019,45.0,50.0,6.1,0.520,1.22,1.20,7,
洗碗机,JPSD2T-J2Max,宁波方太厨具有限公司,20250917-CWL032020-285948,1,2025-09-17,GB 38383-2019,45.0,50.0,6.1,0.520,1.22,1.20,7,
洗碗机,SJ65ZX11MC,博西华家用电器有限公司,20250916-CWL032020-000458,1,2025-09-16,GB 38383-2019,32.0,44.0,10.8,0.800,1.34,1.32,20,
洗碗机,SJV6ZMX01C,博西华家用电器有限公司,20250916-CWL032020-241386,1,2025-09-16,GB 38383-2019,32.0,44.0,10.8,0.800,1.34,1.32,20,
洗碗机,DN19-DZ801QDCN,智跃优创科技（苏州）有限公司,20250912-CWL032020-314889,1,2025-09-12,GB 38383-2019,41.3,47.6,13.6,0.856,1.32,1.32,19,
洗碗机,CDW-CS0618TW ,青岛福库电子有限公司  ,20250912-CWL032020-722996,3,2025-09-12,GB 38383-2019,62,63,7.5,0.600,0.97,1.12,6,
洗碗机,UXW002-W,广东美诺浦环境科技有限公司,20250911-CWL032020-393668,1,2025-09-11,GB 38383-2019,43.8,46.6,13.7,0818,1.32,1.32,18,
洗碗机,UXW002-H,广东美诺浦环境科技有限公司,20250911-CWL032020-437663,1,2025-09-11,GB 38383-2019,43.8,46.6,13.7,0818,1.32,1.32,18,
洗碗机,UXW001,广东美诺浦环境科技有限公司,20250911-CWL032020-583834,1,2025-09-11,GB 38383-2019,43.8,46.6,13.7,0.818,1.32,1.32,18,
洗碗机,DN19-DU76K701CNDA,智跃优创科技（苏州）有限公司,20250909-CWL032020-452813,1,2025-09-09,GB 38383-2019,41.3,47.6,13.6,0.856,1.32,1.32,19,
洗碗机,W767-i1,杭州老板电器股份有限公司,20250908-CWL032020-363069,1,2025-09-08,GB 38383-2019,33.3,46.9,11.5,0.862,1.36,1.34,20,
洗碗机,HTD-B2plus-5（黑色）,广东慧曼智能科技有限公司,20250908-CWL032020-765249,1,2025-09-08,GB 38383-2019,43.1,47.1,13.5,0.819,1.33,1.33,18,
洗碗机,HTD-B2plus-5,广东慧曼智能科技有限公司,20250908-CWL032020-700928,1,2025-09-08,GB 38383-2019,43.1,47.1,13.5,0.819,1.33,1.33,18,
洗碗机,DWS-QH13A,浙江美大实业股份有限公司,20250905-CWL032020-339846,1,2025-09-05,GB 38383-2019,45,50,10.4,0.83,1.08,1.12,13,
洗碗机,WQP20-20A,深圳火王智能厨电股份有限公司,20250904-CWL032020-256127,1,2025-09-04,GB 38383-2019,39.4,49.7,13.6,0.896,1.17,1.18,20,
洗碗机,WB723,杭州老板电器股份有限公司,20250904-CWL032020-845609,1,2025-09-04,GB 38383-2019,41.7,48.2,9.7,0.791,1.33,1.25,13,
洗碗机,W60-B102,杭州老板电器股份有限公司,20250904-CWL032020-714243,1,2025-09-04,GB 38383-2019,41.7,48.2,9.7,0.791,1.24,1.25,13,
洗碗机,W60-B101,杭州老板电器股份有限公司,20250904-CWL032020-107178,1,2025-09-04,GB 38383-2019,41.7,48.2,9.7,0.791,1.24,1.25,13,
洗碗机,W60-B103,杭州老板电器股份有限公司,20250904-CWL032020-868288,1,2025-09-04,GB 38383-2019,41.7,48.2,9.7,0.791,1.25,1.25,13,
洗碗机,W60-B105,杭州老板电器股份有限公司,20250903-CWL032020-496207,1,2025-09-03,GB 38383-2019,41.7,48.2,9.7,0.791,1.25,1.25,13,
洗碗机,W60-S1L,杭州老板电器股份有限公司,20250903-CWL032020-502622,1,2025-09-03,GB 38383-2019,41.7,48.2,9.7,0.791,1.33,1.25,13,
洗碗机,W60-SX1H,杭州老板电器股份有限公司,20250903-CWL032020-593798,1,2025-09-03,GB 38383-2019,41.7,48.2,9.7,0.791,1.33,1.25,13,
洗碗机,Q1802-S8,宁波轻美电器科技有限公司,20250903-CWL032020-716323,1,2025-09-03,GB 38383-2019,43,46,13.2,0.806,1.26,1.28,18,
洗碗机,Q1801-S7,宁波轻美电器科技有限公司,20250903-CWL032020-959828,1,2025-09-03,GB 38383-2019,43,46,13.2,0.806,1.26,1.28,18,
洗碗机,DWS-QH18B,浙江美大实业股份有限公司,20250903-CWL032020-693227,1,2025-09-03,GB 38383-2019,37.4,48.1,11.7,0.840,1.23,1.18,18,
洗碗机,DWS-QH18A,浙江美大实业股份有限公司,20250903-CWL032020-320411,1,2025-09-03,GB 38383-2019,37.4,48.1,11.7,0.840,1.23,1.18,18,
洗碗机,WB711,杭州老板电器股份有限公司,20250902-CWL032020-107004,1,2025-09-02,GB 38383-2019,41.7,48.2,9.7,0.791,1.25,1.25,13,
洗碗机,WB713,杭州老板电器股份有限公司,20250902-CWL032020-702074,3,2025-09-02,GB 38383-2019,58.4,57.7,10.8,0.910,1.08,1.17,13,
洗碗机,WB715,杭州老板电器股份有限公司,20250902-CWL032020-522443,1,2025-09-02,GB 38383-2019,41.7,48.2,9.7,0.791,1.22,1.22,13,
洗碗机,WB721,杭州老板电器股份有限公司,20250902-CWL032020-856431,3,2025-09-02,GB 38383-2019,58.4,57.7,10.8,0.910,1.08,1.17,13,
洗碗机,DWS-QH13A-1,浙江美大实业股份有限公司,20250902-CWL032020-445710,1,2025-09-02,GB 38383-2019,45,50,10.4,0.83,1.08,1.12,13,
洗碗机,JBSD2F-02-M5L,宁波方太厨具有限公司,20250902-CWL032020-343460,1,2025-09-02,GB 38383-2019,45.0,50.0,6.1,0.526,1.26,1.24,7,
洗碗机,JBSD2F-02-M5,宁波方太厨具有限公司,20250902-CWL032020-017925,1,2025-09-02,GB 38383-2019,45.0,50.0,6.1,0.526,1.26,1.24,7,
洗碗机,WUQ1401B,浙江苏泊尔厨卫电器有限公司,20250901-CWL032020-490857,1,2025-09-01,GB 38383-2019,42.6,46.6,10.6,0.779,1.32,1.30,14,
洗碗机,CWY20-S666GHU1,青岛海尔洗碗机有限公司,20250827-CWL032020-285750,1,2025-08-27,GB 38383-2019,36.4,48.7,11.4,0.845,1.30,1.33,20,
洗碗机,W76-B500G,杭州老板电器股份有限公司,20250827-CWL032020-868897,1,2025-08-27,GB 38383-2019,32.5,47.0,8.6,0.802,1.30,1.26,15,
洗碗机, JWV13-iE7Pro  ,华帝股份有限公司,20250821-CWL032020-241429,1,2025-08-21,GB 38383-2019,44.2,48.3,11.0,0.805,1.38,1.35,14,
洗碗机,WD16-M25W,海信(山东)厨卫有限公司,20250821-CWL032020-990792,1,2025-08-21,GB 38383-2019,29.9,49.1,8.4,0.847,1.25,1.25,16,
洗碗机,W76-G30,杭州老板电器股份有限公司,20250820-CWL032020-453685,1,2025-08-20,GB 38383-2019,34.5,45.7,13,0.861,1.36,1.34,22,
洗碗机,W76-B70-i1,杭州老板电器股份有限公司,20250820-CWL032020-396464,1,2025-08-20,GB 38383-2019,34.5,45.7,13.0,0.861,1.36,1.34,22,
洗碗机,HX-XWJ08A,中山市弘芯电器有限公司,20250819-CWL032020-317262,1,2025-08-19,GB 38383-2019,42.9,41.4,6.8,0.370,1.23,1.14,3,
洗碗机,T7 Pro ,佛山市顺德区美的洗涤电器制造有限公司,20250818-CWL032020-174368,1,2025-08-18,GB 38383-2019,45.0,50.0,16.2,0.938,1.38,1.36,21,
洗碗机,GX1200Max 尊享版,佛山市顺德区美的洗涤电器制造有限公司,20250818-CWL032020-074257,1,2025-08-18,GB 38383-2019,45.0,50.0,17.5,0.953,1.38,1.36,25,
洗碗机,JWB20-B7Pro ,华帝股份有限公司,20250815-CWL032020-271973,1,2025-08-15,GB 38383-2019,38.3,47.8,13.2,0.845,1.38,1.35,20,
洗碗机,JWB18-iD3000Max尊享版(AG白) ,华帝股份有限公司,20250815-CWL032020-906326,1,2025-08-15,GB 38383-2019,38.3,47.8,13.2,0.845,1.38,1.35,20,
洗碗机,YH-XWJ08B,深圳市伏兽科技有限公司,20250814-CWL032020-688119,1,2025-08-14,GB 38383-2019,42.8,41.5,6.8,0.371,1.23,1.14,3,
洗碗机,SE43EB33KC,博西华家用电器有限公司,20250814-CWL032020-389964,1,2025-08-14,GB 38383-2019,35.0,42.0,9.7,0.725,1.32,1.32,16,
洗碗机,WUQ1301B,浙江苏泊尔厨卫电器有限公司,20250813-CWL032020-420997,1,2025-08-13,GB 38383-2019,42.6,46.4,9.9,0.764,1.32,1.31,13,
洗碗机,V6,佛山市顺德区美的洗涤电器制造有限公司,20250812-CWL032020-563273,1,2025-08-12,GB 38383-2019,45.0,50.0,9.5,0.800,1.30,1.27,13,
洗碗机,WQP4-H40S,合肥荣耀厨房设备有限公司,20250812-CWL032020-796243,1,2025-08-12,GB 38383-2019,45.0,50.0,6.5,0.480,1.08,1.12,4,
洗碗机,WQP18-S,中山市地球村电器有限公司,20250812-CWL032020-790496,1,2025-08-12,GB 38383-2019,36.8,49.1,11.5,0.87,1.30,1.30,18,
洗碗机,WQD17-NHG ,上海林内有限公司,20250811-CWL032020-451667,1,2025-08-11,GB 38383-2019,43.4,47.4,12.9,0.826,1.20,1.29,17,
洗碗机,HWY20-B566GHU1,青岛海尔洗碗机有限公司,20250811-CWL032020-990065,1,2025-08-11,GB 38383-2019,34.4,48.1,11.9,0.850,1.30,1.32,20,
洗碗机,DN14-DC66K3P01CNDA,智跃优创科技（苏州）有限公司,20250807-CWL032020-807249,1,2025-08-07,GB 38383-2019,45,50,10.6,0.739,1.32,1.32,14,
洗碗机,JBCD7E-04-Y1,宁波方太厨具有限公司,20250807-CWL032020-628098,1,2025-08-07,GB 38383-2019,45.0,50.0,16.9,0.930,1.36,1.34,22,
洗碗机,JBCD7E-04-X20Max,宁波方太厨具有限公司,20250807-CWL032020-270340,1,2025-08-07,GB 38383-2019,45.0,50.0,16.9,0.930,1.36,1.34,22,
洗碗机,JBCD7E-04-M-Y1,宁波方太厨具有限公司,20250807-CWL032020-328596,1,2025-08-07,GB 38383-2019,45.0,50.0,16.9,0.930,1.36,1.34,22,
洗碗机,GX1200Max 尊享版,佛山市顺德区美的洗涤电器制造有限公司,20250805-CWL032020-925331,1,2025-08-05,GB 38383-2019,45.0,50.0,17.5,0.953,1.32,1.32,25,
洗碗机,IDW-D75XG2S01,火星人厨具股份有限公司,20250805-CWL032020-329154,1,2025-08-05,GB 38383-2019,45,50,11.8,0.79,1.25,1.13,15,
洗碗机,JWB18-iD3000Max尊享版(AG灰) ,华帝股份有限公司,20250805-CWL032020-663787,1,2025-08-05,GB 38383-2019,38.3,47.8,13.2,0.845,1.38,1.35,20,
洗碗机,T7 Pro ,佛山市顺德区美的洗涤电器制造有限公司,20250804-CWL032020-451632,1,2025-08-04,GB 38383-2019,45.0,50.0,16.2,0.938,1.34,1.34,21,
洗碗机,EDC-D3 ,宜盾普(广东)智能科技有限公司,20250731-CWL032020-933340,1,2025-07-31,GB 38383-2019,43.8,46.6,13.7,0.818,1.32,1.32,18,
洗碗机,RXP18 ,中山市荣星电器燃具有限公司,20250731-CWL032020-597956,1,2025-07-31,GB 38383-2019,43.8,46.6,13.7,0.818,1.32,1.32,18,
洗碗机,DQJRCFK15A-EH,广东洁诺生活电器有限公司,20250731-CWL032020-189805,1,2025-07-31,GB 38383-2019,41.3,47.8,13.6,0.859,1.32,1.32,19,
洗碗机,K30（白）,陕西康佳智能家电有限公司,20250730-CWL032020-991214,1,2025-07-30,GB 38383-2019,35.6,49.0,10.0,0.840,1.18,1.18,16,
洗碗机,FFF7880ZXA,伊莱克斯（中国）电器有限公司,20250729-CWL032020-359537,1,2025-07-29,GB 38383-2019,30.7,43.2,14.0,0.884,1.08,1.12,18,
洗碗机,EFF5680ZXA,伊莱克斯（中国）电器有限公司,20250729-CWL032020-130363,1,2025-07-29,GB 38383-2019,34.2,43.7,12.6,0.860,1.08,1.12,16,
洗碗机,YH-XWJ08,中山市耀弘电器有限公司,20250729-CWL032020-007474,1,2025-07-29,GB 38383-2019,42.8,41.4,6.8,0.370,1.23,1.14,3,
洗碗机,YH-XWJ09,中山市耀弘电器有限公司,20250729-CWL032020-321340,2,2025-07-29,GB 38383-2019,33.7,53.3,6.4,0.530,1.27,1.13,5,
洗碗机,W76A-V20P,杭州老板电器股份有限公司,20250728-CWL032020-899734,1,2025-07-28,GB 38383-2019,34.3,45.7,12.4,0.852,1.36,1.33,21,
洗碗机,DW60-D501,欧派家居集团股份有限公司,20250728-CWL032020-123647,1,2025-07-28,GB 38383-2019,75,80,9.4 ,0.749,0.86 ,1.12,13,
洗碗机,YH-XWJ09,广州德仕厨厨房用品有限公司,20250726-CWL032020-297971,2,2025-07-26,GB 38383-2019,33.7,53.3,6.4,0.53,1.27,1.13,5,
洗碗机,YH-XWJ08,广州德仕厨厨房用品有限公司,20250726-CWL032020-915440,2,2025-07-26,GB 38383-2019,33.7,53.3,6.4,0.53,1.27,1.13,5,
洗碗机,YH-XWJ02(c),广州德仕厨厨房用品有限公司,20250726-CWL032020-608003,2,2025-07-26,GB 38383-2019,33.7,53.3,6.4,0.53,1.27,1.13,5,
洗碗机,YH-XWJ02(b),广州德仕厨厨房用品有限公司,20250726-CWL032020-799256,2,2025-07-26,GB 38383-2019,33.7,53.3,6.4,0.53,1.27,1.13,5,
洗碗机,W76-B70-i1,杭州老板电器股份有限公司,20250726-CWL032020-235934,1,2025-07-26,GB 38383-2019,35.5,47.9,12.8,0.886,1.36,1.33,21,
洗碗机,WDQ1903W,浙江苏泊尔厨卫电器有限公司,20250724-CWL032020-259229,1,2025-07-24,GB 38383-2019,41.9,49.3,13.8,0.887,1.22,1.25,19,
洗碗机,WDQ1903B,浙江苏泊尔厨卫电器有限公司,20250724-CWL032020-816458,1,2025-07-24,GB 38383-2019,41.9,49.3,13.8,0.887,1.22,1.25,19,
洗碗机,SJ43HT66MC,博西华家用电器有限公司,20250724-CWL032020-884979,1,2025-07-24,GB 38383-2019,31.0,48.0,10.4,0.870,1.33,1.31,20,
洗碗机,G14DQ-BQ603,日本稻佐株式會社有限公司,20250724-CWL032020-692454,1,2025-07-24,GB 38383-2019,43.9,47.8,10.9,0.799,1.13,1.12,14,
洗碗机,G14DQ-Q603,日本稻佐株式會社有限公司,20250724-CWL032020-324871,1,2025-07-24,GB 38383-2019,44.6,47.9,11.1,0.802,1.25,1.14,14,
洗碗机,CYT-S3W-P,浙江厨壹堂厨房电器股份有限公司,20250724-CWL032020-542855,1,2025-07-24,GB 38383-2019,44.0,48.3,9.6,0.786,1.19,1.22,12,
洗碗机,DN19-DU76K5U01CNDA,智跃优创科技（苏州）有限公司,20250723-CWL032020-814903,1,2025-07-23,GB 38383-2019,41.3,47.6,13.6,0.856,1.32,1.32,19,
洗碗机,DN19-DU76K5P01CNDA,智跃优创科技（苏州）有限公司,20250723-CWL032020-317240,1,2025-07-23,GB 38383-2019,41.3,47.6,13.6,0.856,1.32,1.32,19,
洗碗机,DN19-DF76K501CNDA,智跃优创科技（苏州）有限公司,20250723-CWL032020-096702,1,2025-07-23,GB 38383-2019,41.3,47.6,13.6,0.856,1.32,1.32,19,
洗碗机,EBT-W65F,杭州雷诺电器有限公司,20250722-CWL032020-974960,1,2025-07-22,GB 38383-2019,39.4,49.7,13.6,0.896,1.17,1.18,20,
洗碗机,T8-ProMax ,广州德仕厨厨房用品有限公司,20250721-CWL032020-270407,2,2025-07-21,GB 38383-2019,33.7,53.3,6.4,0.53,1.27,1.13,5,
洗碗机,WQD13-FG  ,上海林内有限公司 ,20250721-CWL032020-121383,1,2025-07-21,GB 38383-2019,42.9,46.0,10.0,0.756,1.31,1.30,13,
洗碗机,JWT5-iT1 ,华帝股份有限公司,20250718-CWL032020-464798,1,2025-07-18,GB 38383-2019,33.2,43.8,6.3,0.440,1.32,1.31,5,
洗碗机,W767-i1,杭州老板电器股份有限公司,20250718-CWL032020-287579,1,2025-07-18,GB 38383-2019,39.2,45.3,11.65,0.793,1.36,1.34,17,
洗碗机,JBCD7E-02-B-V16Max,宁波方太厨具有限公司,20250717-CWL032020-045998,1,2025-07-17,GB 38383-2019,45.0,50.0,16.2,0.920,1.33,1.33,21,
洗碗机,JBCD7E-02-V16Max,宁波方太厨具有限公司,20250717-CWL032020-803271,1,2025-07-17,GB 38383-2019,45.0,50.0,16.2,0.920,1.33,1.33,21,
洗碗机,W64B35D,杭州老板电器股份有限公司,20250717-CWL032020-114556,1,2025-07-17,GB 38383-2019,40.2,45.9,10.2,0.770,1.36,1.34,15,
洗碗机,W64B35A,杭州老板电器股份有限公司,20250717-CWL032020-313065,1,2025-07-17,GB 38383-2019,40.2,45.9,10.2,0.770,1.36,1.34,15,
洗碗机,X6S小蛮腰,佛山市顺德区美的洗涤电器制造有限公司,20250717-CWL032020-971077,1,2025-07-17,GB 38383-2019,45.0,50.0,10.1,0.525,1.32,1.32,16,
洗碗机,EYBW20566GHU1 ,青岛海尔洗碗机有限公司,20250716-CWL032020-856348,1,2025-07-16,GB 38383-2019,34.4,48.1,11.9,0.850,1.30,1.32,20,
洗碗机,EBW16585GHU1,青岛海尔洗碗机有限公司,20250715-CWL032020-818011,1,2025-07-15,GB 38383-2019,45.0,50.0,12.6,0.850,1.30,1.30,16,
洗碗机,W76-G30,杭州老板电器股份有限公司,20250715-CWL032020-686507,1,2025-07-15,GB 38383-2019,35.7,48.0,12.9,0.886,1.36,1.34,21,
洗碗机,JBID6E-04-M-X20MaxL,宁波方太厨具有限公司,20250711-CWL032020-042381,1,2025-07-11,GB 38383-2019,45.0,50.0,13.3,0.874,1.33,1.33,17,
洗碗机,JBID6E-04-M-X20Max,宁波方太厨具有限公司,20250711-CWL032020-655381,1,2025-07-11,GB 38383-2019,45.0,50.0,13.3,0.874,1.33,1.33,17,
洗碗机,JBID6E-04-X20MaxL,宁波方太厨具有限公司,20250711-CWL032020-991826,1,2025-07-11,GB 38383-2019,45.0,50.0,13.3,0.874,1.33,1.33,17,
洗碗机,JBID6E-04-X20Max,宁波方太厨具有限公司,20250711-CWL032020-155720,1,2025-07-11,GB 38383-2019,45.0,50.0,13.3,0.874,1.33,1.33,17,
洗碗机,ETW8586BBU1,青岛海尔洗碗机有限公司,20250711-CWL032020-793672,1,2025-07-11,GB 38383-2019,45.0,50.0,6.6,0.509,1.30,1.30,8,
洗碗机,EYSW14586GHU1,青岛海尔洗碗机有限公司    ,20250710-CWL032020-838368,1,2025-07-10,GB 38383-2019,45.0,50.0,10.8,0.750,1.24,1.26,14,
洗碗机,JBSD3F-03-X20MaxL,宁波方太厨具有限公司,20250710-CWL032020-857996,1,2025-07-10,GB 38383-2019,45.0,50.0,9.0,0.790,1.29,1.26,11,
洗碗机, JBSD3F-03-X20Max,宁波方太厨具有限公司,20250710-CWL032020-137505,1,2025-07-10,GB 38383-2019,45.0,50.0,9.0,0.790,1.29,1.26,11,
洗碗机,WQD12-NDG,上海林内有限公司,20250709-CWL032020-293943,1,2025-07-09,GB 38383-2019,42.2,44.2,9.6,0.677,1.31,1.28,12,
洗碗机,W76-S2L,杭州老板电器股份有限公司,20250704-CWL032020-413409,1,2025-07-04,GB 38383-2019,35.7,48.1,12.9,0.886,1.36,1.34,21,
洗碗机,JBCD7E-02-V10,宁波方太厨具有限公司,20250704-CWL032020-186178,1,2025-07-04,GB 38383-2019,45.0,50.0,14.0,0.880,1.33,1.33,18,
洗碗机,W76A-G2,杭州老板电器股份有限公司,20250703-CWL032020-953742,1,2025-07-03,GB 38383-2019,35.1,43.9,12.66,0.811,1.36,1.34,21,
洗碗机,W76A-G1P,杭州老板电器股份有限公司,20250703-CWL032020-094938,1,2025-07-03,GB 38383-2019,35.1,43.9,12.66,0.811,1.36,1.33,21,
洗碗机,W76X-G1P,杭州老板电器股份有限公司,20250703-CWL032020-506934,1,2025-07-03,GB 38383-2019,35.1,43.9,12.66,0.811,1.36,1.33,21,
洗碗机,W76D-G1P,杭州老板电器股份有限公司,20250703-CWL032020-192754,1,2025-07-03,GB 38383-2019,35.1,43.9,12.66,0.811,1.36,1.33,21,
洗碗机,WQP16-01,宁波美高厨具有限公司,20250702-CWL032020-713168,1,2025-07-02,GB 38383-2019,40.9,45.1,11.5,0.737,1.30,1.26,16,
洗碗机,WOP16-01,宁波美高厨具有限公司,20250702-CWL032020-850876,1,2025-07-02,GB 38383-2019,40.9,45.1,11.5,0.737,1.30,1.26,16,
洗碗机,CWY20-B57GHU1,青岛海尔洗碗机有限公司,20250701-CWL032020-509101,1,2025-07-01,GB 38383-2019,34.6,48.1,11.9,0.850,1.30,1.30,20,
洗碗机,JPID6E-03-M-Y3,宁波方太厨具有限公司,20250701-CWL032020-198738,1,2025-07-01,GB 38383-2019,45.0,50.0,12.6,0.861,1.29,1.26,16,
洗碗机,JPID6E-03-M-Y3L,宁波方太厨具有限公司,20250701-CWL032020-820830,1,2025-07-01,GB 38383-2019,45.0,50.0,12.6,0.861,1.29,1.26,16,
洗碗机,JBCD7E-02-B-V16,宁波方太厨具有限公司,20250630-CWL032020-045783,1,2025-06-30,GB 38383-2019,45.0,50.0,14.8,0.890,1.33,1.33,19,
洗碗机,JBCD7E-02-V16,宁波方太厨具有限公司,20250630-CWL032020-421917,1,2025-06-30,GB 38383-2019,45.0,50.0,14.8,0.890,1.33,1.33,19,
洗碗机,JBCD7E-02-V16Max,宁波方太厨具有限公司,20250630-CWL032020-430385,1,2025-06-30,GB 38383-2019,45.0,50.0,15.5,0.910,1.33,1.33,20,
洗碗机,JBCD7E-02-B-V16Max,宁波方太厨具有限公司,20250630-CWL032020-382706,1,2025-06-30,GB 38383-2019,45.0,50.0,15.5,0.910,1.33,1.33,20,
洗碗机,GI64210B,"Gorenje gospodinjski aparati,d.o.o.",20250626-CWL032020-023497,1,2025-06-26,GB 38383-2019,43,49,9.2,0.80,1.29,1.15,12,
洗碗机,W76X-G1,杭州老板电器股份有限公司,20250626-CWL032020-675671,1,2025-06-26,GB 38383-2019,31.3,42.4,9.3,0.740,1.36,1.33,17,
洗碗机,DW-UD15308R  ,珠海格力电器股份有限公司,20250626-CWL032020-055260,1,2025-06-26,GB 38383-2019,40,47.6,10.6,0.808,1.22,1.23,15,
洗碗机,DW-FD15308R,珠海格力电器股份有限公司,20250626-CWL032020-734294,1,2025-06-26,GB 38383-2019,40,48.5,10.6,0.823,1.21,1.24,15,
洗碗机,WQD16-DG(Z),上海林内有限公司,20250624-CWL032020-368838,1,2025-06-24,GB 38383-2019,44.8,46.3,12.6,0.795,1.20,1.23,16,
洗碗机,WQP18-H2,佛山市司米克家居环境科技有限公司,20250624-CWL032020-013498,1,2025-06-24,GB 38383-2019,43.5,49,13.6,0.856,1.17,1.16,18,
洗碗机,W64-G30,杭州老板电器股份有限公司,20250623-CWL032020-764853,1,2025-06-23,GB 38383-2019,41.0,46.3,10.2,0.775,1.36,1.34,14,
洗碗机,W76B600,杭州老板电器股份有限公司,20250623-CWL032020-741909,1,2025-06-23,GB 38383-2019,35.5,47.9,12.8,0.886,1.36,1.33,21,
洗碗机,W76F-S2L,杭州老板电器股份有限公司,20250623-CWL032020-602751,1,2025-06-23,GB 38383-2019,35.7,48.0,12.9,0.886,1.36,1.34,21,
洗碗机,W76-S2,杭州老板电器股份有限公司,20250623-CWL032020-181319,1,2025-06-23,GB 38383-2019,39.2,45.3,11.65,0.793,1.36,1.34,17,
洗碗机,WQP13-UM02,佛山市顺德区优盟电器有限公司,20250623-CWL032020-758734,1,2025-06-23,GB 38383-2019,75,80,10,0.8,0.86,1.12,13,
洗碗机,W76D-G1,杭州老板电器股份有限公司,20250623-CWL032020-989680,1,2025-06-23,GB 38383-2019,31.3,42.4,9.3,0.740,1.36,1.33,17,
洗碗机,W80A-E1,杭州老板电器股份有限公司,20250623-CWL032020-389556,1,2025-06-23,GB 38383-2019,35.3,46.8,12.75,0.865,1.36,1.34,21,
洗碗机,W76B700,杭州老板电器股份有限公司,20250623-CWL032020-152746,1,2025-06-23,GB 38383-2019,35.5,47.9,12.8,0.886,1.36,1.33,21,
洗碗机,W64-S2,杭州老板电器股份有限公司,20250623-CWL032020-128399,1,2025-06-23,GB 38383-2019,41.0,46.3,10.2,0.775,1.36,1.34,14,
洗碗机,WQP13-UM02-G,佛山市顺德区优盟电器有限公司,20250623-CWL032020-050675,1,2025-06-23,GB 38383-2019,75,80,10,0.8,0.86,1.12,13,
洗碗机,W76A-G1,杭州老板电器股份有限公司,20250623-CWL032020-035789,1,2025-06-23,GB 38383-2019,31.3,42.4,9.3,0.740,1.36,1.33,17,
洗碗机,W76B610,杭州老板电器股份有限公司,20250623-CWL032020-103575,1,2025-06-23,GB 38383-2019,35.5,47.9,12.8,0.886,1.36,1.33,21,
洗碗机,V13-Ultra,广州德仕厨厨房用品有限公司,20250622-CWL032020-967660,1,2025-06-22,GB 38383-2019,44.6,48.0,11.1,0.804,1.24,1.14,14,
洗碗机,W64B300,杭州老板电器股份有限公司,20250620-CWL032020-632659,1,2025-06-20,GB 38383-2019,40.2,45.9,10.2,0.770,1.36,1.33,15,
洗碗机,W64B33D,杭州老板电器股份有限公司,20250620-CWL032020-624194,1,2025-06-20,GB 38383-2019,40.2,45.9,10.2,0.770,1.36,1.33,15,
洗碗机,W64B33X,杭州老板电器股份有限公司,20250620-CWL032020-172061,1,2025-06-20,GB 38383-2019,40.2,45.9,10.2,0.770,1.36,1.33,15,
洗碗机,JWF15-iD1000,华帝股份有限公司,20250620-CWL032020-846310,1,2025-06-20,GB 38383-2019,36.7,45.7,10.3,0.776,1.33,1.28,16,
洗碗机,EYSW18586BBU1,青岛海尔洗碗机有限公司,20250619-CWL032020-733119,1,2025-06-19,GB 38383-2019,37.1,49.4,11.6,0.850,1.30,1.33,18,
洗碗机,CWY15-B29CU1,青岛海尔洗碗机有限公司,20250619-CWL032020-671768,1,2025-06-19,GB 38383-2019,43.8,50.0,11.6,0.850,1.30,1.30,15,
洗碗机,SJI4HKS66C,博西华家用电器有限公司,20250619-CWL032020-545495,1,2025-06-19,GB 38383-2019,35.0,46.0,9.7,0.790,1.21,1.25,16,
洗碗机,DWTH0Pro-1625,海南芝味电器有限公司,20250618-CWL032020-717035,1,2025-06-18,GB 38383-2019,45.0,50.0,10.8,0.850,1.33,1.32,16,
洗碗机,CWB12-27BKU1,青岛海尔洗碗机有限公司,20250616-CWL032020-730757,1,2025-06-16,GB 38383-2019,45.0,50.0,9.6,0.810,1.30,1.30,14,
洗碗机,JWV13-W2611 ,华帝股份有限公司,20250616-CWL032020-684579,1,2025-06-16,GB 38383-2019,40.8,47.7,9.5,0.780,1.23,1.23,13,
洗碗机,H6S-Max,佛山市顺德区美的洗涤电器制造有限公司,20250616-CWL032020-889891,1,2025-06-16,GB 38383-2019,45.0,50.0,11.9,0.835,1.30,1.29,15,
洗碗机,DDJRCFK12E-ET,广东洁诺生活电器有限公司,20250611-CWL032020-272673,1,2025-06-11,GB 38383-2019,41.3,47.6,13.6,0.855,1.32,1.32,19,
洗碗机,EDC-D5,宜盾普（广东）智能科技有限公司,20250610-CWL032020-977119,1,2025-06-10,GB 38383-2019,41.3,47.6,13.6,0.855,1.32,1.32,19,
洗碗机,XWJ-Q03G2,国际樱花集团有限公司,20250609-CWL032020-113294,1,2025-06-09,GB 38383-2019,75,80,9.4,0.749,0.86,1.12,13,
洗碗机,JBCD7E-03-T70,宁波方太厨具有限公司,20250609-CWL032020-552070,1,2025-06-09,GB 38383-2019,45.0,50.0,13.3,0.870,1.33,1.33,17,
洗碗机,XWJ-B68,火星人厨具股份有限公司,20250605-CWL032020-357733,1,2025-06-05,GB 38383-2019,45,50,12.2,0.819,1.25,1.19,16,
洗碗机,XWJ-B36,火星人厨具股份有限公司,20250605-CWL032020-483851,1,2025-06-05,GB 38383-2019,45,50,9.3,0.756,1.28,1.15,13,
洗碗机,LSCD001  ,"宁波市栗上创新科技有限公司
",20250605-CWL032020-244250,1,2025-06-05,GB 38383-2019,24.7,41.1,3.9,0.339,1.23,1.13,3,
洗碗机,MAX-2BL5,广东麦享电器有限公司,20250604-CWL032020-586486,1,2025-06-04,GB 38383-2019,44.8,48.7,8.5,0.495,1.19,1.12,5,
洗碗机,MAX-2AL5,广东麦享电器有限公司,20250604-CWL032020-382948,1,2025-06-04,GB 38383-2019,44.8,48.7,8.5,0.495,1.19,1.12,5,
洗碗机,MAX-2B5,广东麦享电器有限公司,20250604-CWL032020-236973,1,2025-06-04,GB 38383-2019,44.8,48.7,8.5,0.495,1.19,1.12,5,
洗碗机,MAX-1B5,广东麦享电器有限公司,20250604-CWL032020-366833,1,2025-06-04,GB 38383-2019,44.8,48.7,8.5,0.495,1.19,1.12,5,
洗碗机,MAX-1A5,广东麦享电器有限公司,20250604-CWL032020-607532,1,2025-06-04,GB 38383-2019,44.8,48.7,8.5,0.495,1.19,1.12,5,
洗碗机,MAX-2A5,广东麦享电器有限公司,20250604-CWL032020-095933,1,2025-06-04,GB 38383-2019,44.8,48.7,8.5,0.495,1.19,1.12,5,
洗碗机,SJ45ZB99MC,博西华家用电器有限公司,20250603-CWL032020-308328,1,2025-06-03,GB 38383-2019,31.0,44.0,10.4,0.800,1.32,1.31,20,
洗碗机,V6-T(黑),广州德仕厨厨房用品有限公司,20250531-CWL032020-775221,2,2025-05-31,GB 38383-2019,50.2,52.2,7.9,0.640,1.16,1.17,8,
洗碗机,WU8,广东孚隆电器有限公司,20250530-CWL032020-886587,1,2025-05-30,GB 38383-2019,36.7,49.1,11.5,0.870,1.30,1.30,18,
洗碗机,WU10,广东孚隆电器有限公司,20250530-CWL032020-680194,1,2025-05-30,GB 38383-2019,36.7,49.1,11.5,0.870,1.30,1.30,18,
洗碗机,WE8,广东孚隆电器有限公司,20250530-CWL032020-038100,1,2025-05-30,GB 38383-2019,36.7,49.1,11.5,0.870,1.30,1.30,18,
洗碗机,WE10,广东孚隆电器有限公司,20250530-CWL032020-774784,1,2025-05-30,GB 38383-2019,36.7,49.1,11.5,0.870,1.30,1.30,18,
洗碗机,WE9,广东孚隆电器有限公司,20250530-CWL032020-897811,1,2025-05-30,GB 38383-2019,36.7,49.1,11.5,0.870,1.30,1.30,18,
洗碗机,WE16,广东孚隆电器有限公司,20250530-CWL032020-708114,1,2025-05-30,GB 38383-2019,36.7,49.1,11.5,0.870,1.30,1.30,18,
洗碗机,WE7,广东孚隆电器有限公司,20250530-CWL032020-059623,1,2025-05-30,GB 38383-2019,36.7,49.1,11.5,0.870,1.30,1.30,18,
洗碗机,WU11,广东孚隆电器有限公司,20250530-CWL032020-124650,1,2025-05-30,GB 38383-2019,36.7,49.1,11.5,0.870,1.30,1.30,18,
洗碗机,WQP-S2-105,广东孚隆电器有限公司,20250530-CWL032020-966994,1,2025-05-30,GB 38383-2019,36.7,49.1,11.5,0.870,1.30,1.30,18,
洗碗机,V19-ProMax(W),广州德世厨电器有限公司,20250530-CWL032020-476830,1,2025-05-30,GB 38383-2019,42.3,47.7,13.9,0.854,1.31,1.30,19,
洗碗机,V18-Life(W),广州德世厨电器有限公司,20250530-CWL032020-106930,1,2025-05-30,GB 38383-2019,37.5,48.1,11.7,0.837,1.18,1.18,18,
洗碗机,BD-MQ1620G ,港华紫荆燃具（深圳）有限公司,20250530-CWL032020-352314,1,2025-05-30,GB 38383-2019,45,50,10.8,0.850,1.08,1.12,16,
洗碗机,SJ43HB25MC,博西华家用电器有限公司,20250530-CWL032020-058944,1,2025-05-30,GB 38383-2019,34.0,48.0,10.4,0.850,1.33,1.32,18,
洗碗机,XWDQ16-S100 Ace ,深圳市凯度电器有限公司 ,20250529-CWL032020-324764,1,2025-05-29,GB 38383-2019,35.6,47.8,10.0,0.823,1.28,1.27,16,
洗碗机,W2TA8-BS01,广州沃刻科技有限公司,20250529-CWL032020-086536,2,2025-05-29,GB 38383-2019,50.3,52.2,7.9,0.640,1.16,1.17,8,
洗碗机,SJ65ZX88MC,博西华家用电器有限公司,20250529-CWL032020-984695,1,2025-05-29,GB 38383-2019,32.0,44.0,10.8,0.800,1.34,1.32,20,
洗碗机,SJ45ZB88MC,博西华家用电器有限公司,20250529-CWL032020-480908,1,2025-05-29,GB 38383-2019,32.0,44.0,10.8,0.800,1.34,1.32,20,
洗碗机,SJ45ZB11MC,博西华家用电器有限公司,20250529-CWL032020-292813,1,2025-05-29,GB 38383-2019,32.0,44.0,10.8,0.800,1.34,1.32,20,
洗碗机,SJ55ZS11MC,博西华家用电器有限公司,20250529-CWL032020-647969,1,2025-05-29,GB 38383-2019,32.0,44.0,10.8,0.800,1.34,1.32,20,
洗碗机,DWZ5Pro-0512 ,海南芝味电器有限公司,20250528-CWL032020-690104,1,2025-05-28,GB 38383-2019,45.0,50.0,7.8,0.5,1.21,1.25,5,
洗碗机,SJ43HB11MC,博西华家用电器有限公司,20250528-CWL032020-969774,1,2025-05-28,GB 38383-2019,34.0,48.0,10.4,0.850,1.33,1.32,18,
洗碗机,SJV4HMX66C,博西华家用电器有限公司,20250528-CWL032020-937526,1,2025-05-28,GB 38383-2019,31.0,48.0,10.4,0.870,1.33,1.31,20,
洗碗机,SJU4HMB99C,博西华家用电器有限公司,20250528-CWL032020-610832,1,2025-05-28,GB 38383-2019,31.0,48.0,10.4,0.870,1.33,1.31,20,
洗碗机,SJ63HX66MC,博西华家用电器有限公司,20250528-CWL032020-538603,1,2025-05-28,GB 38383-2019,31.0,48.0,10.4,0.870,1.33,1.31,20,
洗碗机,SJ43HB66MC,博西华家用电器有限公司,20250528-CWL032020-375619,1,2025-05-28,GB 38383-2019,31.0,48.0,10.4,0.870,1.33,1.31,20,
洗碗机,W12B-06GB,广东爱普电器有限公司 ,20250528-CWL032020-585111,1,2025-05-28,GB 38383-2019,45.0,50.0,9.7,0.825,1.08,1.12,12,
洗碗机,W12B-02GB                    ,广东爱普电器有限公司 ,20250528-CWL032020-874608,1,2025-05-28,GB 38383-2019,45.0,50.0,9.7,0.825,1.08,1.12,12,
洗碗机, SJU4HMB88C,博西华家用电器有限公司,20250528-CWL032020-620605,1,2025-05-28,GB 38383-2019,31.0,48.0,10.4,0.870,1.33,1.31,20,
洗碗机,SJ43HL66MC,博西华家用电器有限公司,20250528-CWL032020-689065,1,2025-05-28,GB 38383-2019,31.0,48.0,10.4,0.870,1.33,1.31,20,
洗碗机,SJ53HS11MC,博西华家用电器有限公司,20250528-CWL032020-302645,1,2025-05-28,GB 38383-2019,34.0,48.0,10.4,0.850,1.33,1.32,18,
洗碗机,SJU6ZMB11C,博西华家用电器有限公司,20250528-CWL032020-689978,1,2025-05-28,GB 38383-2019,32.0,44.0,10.8,0.800,1.34,1.32,20,
洗碗机,XDZ130-WX06,广东康宝电器股份有限公司,20250527-CWL032020-922726,3,2025-05-27,GB 38383-2019,62.0,63.0,7.5,0.620,1.08,1.12,6,
洗碗机,NP-Q55W2GN,松下家电（中国）有限公司,20250526-CWL032020-941382,1,2025-05-26,GB 38383-2019,45.0,50.0,11.9,0.848,1.08,1.12,15,
洗碗机,V19-ProMax(B),广州德世厨电器有限公司,20250522-CWL032020-012919,1,2025-05-22,GB 38383-2019,42.3,47.7,13.9,0.854,1.31,1.30,19,
洗碗机,V18-Life(B),广州德世厨电器有限公司,20250522-CWL032020-840831,1,2025-05-22,GB 38383-2019,37.5,48.1,11.7,0.837,1.18,1.18,18,
洗碗机,WE7,广东孚隆电器有限公司,20250521-CWL032020-354419,1,2025-05-21,GB 38383-2019,36.7,47.9,11.5,0.848,1.25,1.25,18,
洗碗机,WE16,广东孚隆电器有限公司,20250521-CWL032020-116435,1,2025-05-21,GB 38383-2019,36.7,47.9,11.5,0.848,1.25,1.25,18,
洗碗机,WE9,广东孚隆电器有限公司,20250521-CWL032020-055392,1,2025-05-21,GB 38383-2019,36.7,47.9,11.5,0.848,1.25,1.25,18,
洗碗机,V6-T(白),广州德仕厨厨房用品有限公司,20250520-CWL032020-618842,2,2025-05-20,GB 38383-2019,50.2,52.2,7.9,0.640,1.16,1.17,8,
洗碗机,MAX-2BL7,广东麦享电器有限公司,20250519-CWL032020-766196,3,2025-05-19,GB 38383-2019,62.0,50.4,8.5,0.501,1.15,1.12,7,
洗碗机,MAX-2AL7,广东麦享电器有限公司,20250519-CWL032020-599622,3,2025-05-19,GB 38383-2019,62.0,50.4,8.5,0.501,1.15,1.12,7,
洗碗机,MAX-2B7,广东麦享电器有限公司,20250519-CWL032020-337328,3,2025-05-19,GB 38383-2019,62.0,50.4,8.5,0.501,1.15,1.12,7,
洗碗机,MAX-1B7,广东麦享电器有限公司,20250519-CWL032020-461209,3,2025-05-19,GB 38383-2019,62.0,50.4,8.5,0.501,1.15,1.12,7,
洗碗机,MAX-1A7,广东麦享电器有限公司,20250519-CWL032020-004306,3,2025-05-19,GB 38383-2019,62.0,50.4,8.5,0.501,1.15,1.12,7,
洗碗机,MAX-2A7,广东麦享电器有限公司,20250519-CWL032020-220874,3,2025-05-19,GB 38383-2019,62.0,50.4,8.5,0.501,1.15,1.12,7,
洗碗机2025版,SJ43EW26MC,博西华家用电器有限公司,20260520-CWL032025-544685,1,2026-05-20,GB 38383-2025,62,32,10.0,0.590,1.15,1.22,20,44
洗碗机2025版, SJU4EMW06C,博西华家用电器有限公司,20260520-CWL032025-427140,1,2026-05-20,GB 38383-2025,62,32,10.0,0.590,1.15,1.22,20,44
洗碗机2025版,SJ43EB26MC,博西华家用电器有限公司,20260520-CWL032025-083126,1,2026-05-20,GB 38383-2025,62,32,10.0,0.590,1.15,1.22,20,44
洗碗机2025版,DWTH0Max-2225,海南芝味电器有限公司,20260520-CWL032025-787817,1,2026-05-20,GB 38383-2025,65,32,10.6,0.607,1.20,1.28,22,44
洗碗机2025版,SJ45ZB66MC,博西华家用电器有限公司,20260518-CWL032025-297289,1,2026-05-18,GB 38383-2025,62,32,10.0,0.588,1.16,1.22,20,44
洗碗机2025版,NP-C89K3M8,松下家电（中国）有限公司,20260512-CWL032025-528142,1,2026-05-12,GB 38383-2025,58,32,9.3,0.584,1.13,1.13,19,49
洗碗机2025版,NP-F89K1AD,松下家电（中国）有限公司,20260512-CWL032025-838125,1,2026-05-12,GB 38383-2025,58,32,9.3,0.584,1.13,1.13,19,49
洗碗机2025版,CWC10-F67BHU1(N11Pro),青岛海尔洗碗机有限公司,20260511-CWL032025-481998,1,2026-05-11,GB 38383-2025,58,32,9.2,0.512,1.23,1.24,10,45
洗碗机2025版,CWC10-B65BHU1(N11WMax),青岛海尔洗碗机有限公司,20260511-CWL032025-097794,1,2026-05-11,GB 38383-2025,58,32,9.2,0.512,1.23,1.24,10,45
洗碗机2025版,SJ43EB18MC,博西华家用电器有限公司,20260508-CWL032025-020518,1,2026-05-08,GB 38383-2025,62,32,10.0,0.590,1.15,1.22,20,44
洗碗机2025版,SJ43EB63MC,博西华家用电器有限公司,20260508-CWL032025-785455,1,2026-05-08,GB 38383-2025,62,32,10.0,0.590,1.15,1.22,20,44
洗碗机2025版,SJ23EB33MC,博西华家用电器有限公司,20260508-CWL032025-812225,1,2026-05-08,GB 38383-2025,62,32,10.0,0.590,1.15,1.22,20,44
洗碗机2025版,SMH8YC80PC,BSH Hausgeräte GmbH,20260508-CWL032025-484307,1,2026-05-08,GB 38383-2025,58,32,9.2,0.588,1.17,1.25,20,40
洗碗机2025版,SN77Y80PCC,BSH Hausgeräte GmbH,20260508-CWL032025-501121,1,2026-05-08,GB 38383-2025,58,32,9.2,0.588,1.17,1.25,20,40
洗碗机2025版,CWYL1CU1,青岛海尔洗碗机有限公司,20260507-CWL032025-270406,1,2026-05-07,GB 38383-2025,65,32,10.6,0.608,1.18,1.21,22,49
洗碗机2025版,CDE24S-A22X,上海科慕电器有限公司,20260507-CWL032025-893398,1,2026-05-07,GB 38383-2025,65,32,10.7,0.623,1.20,1.28,24,44.4
洗碗机2025版,SJ23EW33MC,博西华家用电器有限公司,20260507-CWL032025-386277,1,2026-05-07,GB 38383-2025,62,32,10.0,0.590,1.15,1.22,20,44
洗碗机2025版,SJV4EMX26C,博西华家用电器有限公司,20260507-CWL032025-641231,1,2026-05-07,GB 38383-2025,62,32,10.0,0.590,1.15,1.22,20,44
洗碗机2025版,SJU4EMB26C,博西华家用电器有限公司,20260507-CWL032025-594882,1,2026-05-07,GB 38383-2025,62,32,10.0,0.590,1.15,1.22,20,44
洗碗机2025版,SJU4EMW26C,博西华家用电器有限公司,20260507-CWL032025-734715,1,2026-05-07,GB 38383-2025,62,32,10.0,0.590,1.15,1.22,20,44
洗碗机2025版,V9Max,佛山市顺德区美的洗涤电器制造有限公司,20260507-CWL032025-714115,1,2026-05-07,GB 38383-2025,65,32,9.9,0.551,1.20,1.26,15,47
洗碗机2025版,SJ43EB12MC,博西华家用电器有限公司,20260507-CWL032025-292734,1,2026-05-07,GB 38383-2025,62,32,10.0,0.590,1.15,1.22,20,44
洗碗机2025版,SJ43EB17MC,博西华家用电器有限公司,20260507-CWL032025-850161,1,2026-05-07,GB 38383-2025,62,32,10.0,0.590,1.15,1.22,20,44
洗碗机2025版,M20,佛山市顺德区美的洗涤电器制造有限公司,20260506-CWL032025-498971,1,2026-05-06,GB 38383-2025,65,32,10.4,0.591,1.20,1.28,20,44
洗碗机2025版,X6S Ultra,佛山市顺德区美的洗涤电器制造有限公司,20260506-CWL032025-645432,1,2026-05-06,GB 38383-2025,65,32,10.4,0.591,1.20,1.28,20,44
洗碗机2025版,S522,佛山市顺德区美的洗涤电器制造有限公司,20260506-CWL032025-119637,1,2026-05-06,GB 38383-2025,65,32,10.6,0.607,1.20,1.28,22,44
洗碗机2025版,CWC10-B67GHU1(N11YMax),青岛海尔洗碗机有限公司,20260506-CWL032025-297000,1,2026-05-06,GB 38383-2025,58,32,9.2,0.512,1.23,1.24,10,45
洗碗机2025版,CWC10-B67GHU1(N11VMax),青岛海尔洗碗机有限公司,20260506-CWL032025-301338,1,2026-05-06,GB 38383-2025,58,32,9.2,0.512,1.23,1.24,10,45
洗碗机2025版,CWC10-B67GHU1(N11Max）,青岛海尔洗碗机有限公司,20260506-CWL032025-723342,1,2026-05-06,GB 38383-2025,58,32,9.2,0.512,1.23,1.24,10,45
洗碗机2025版,MH6000,星旷创新科技（苏州）有限公司,20260430-CWL032025-539179,1,2026-04-30,GB 38383-2025,63,29,10.4,0.565,1.12,1.15,23,48.8
洗碗机2025版,SN23EB68MC,博西华家用电器有限公司,20260430-CWL032025-395114,1,2026-04-30,GB 38383-2025,62,32,10.0,0.590,1.15,1.22,20,44
洗碗机2025版,SN23EW66MC,博西华家用电器有限公司,20260430-CWL032025-066306,1,2026-04-30,GB 38383-2025,62,32,10.0,0.590,1.15,1.22,20,44
洗碗机2025版,SN23EB66MC,博西华家用电器有限公司,20260430-CWL032025-238281,1,2026-04-30,GB 38383-2025,62,32,10.0,0.590,1.15,1.22,20,44
洗碗机2025版,JBCD7E-03-V18Max,宁波方太厨具有限公司,20260429-CWL032025-948670,1,2026-04-29,GB 38383-2025,65.0,32.0,10.7,0.610,1.13,1.19,23,50
洗碗机2025版,JBCD7E-03-B-V18Max,宁波方太厨具有限公司,20260429-CWL032025-674556,1,2026-04-29,GB 38383-2025,65.0,32.0,10.7,0.610,1.13,1.19,23,50
洗碗机2025版,JBCD7E-03-B-V18,宁波方太厨具有限公司,20260429-CWL032025-396593,1,2026-04-29,GB 38383-2025,65.0,32.0,10.5,0.600,1.13,1.19,21,50
洗碗机2025版,JBCD7E-03-V18,宁波方太厨具有限公司,20260429-CWL032025-068919,1,2026-04-29,GB 38383-2025,65.0,32.0,10.5,0.600,1.13,1.19,21,50
洗碗机2025版,CDE24Q-C3Max-1,上海科慕电器有限公司,20260428-CWL032025-687031,1,2026-04-28,GB 38383-2025,65,32,10.7,0.623,1.20,1.28,24,42
洗碗机2025版,S622,佛山市顺德区美的洗涤电器制造有限公司,20260428-CWL032025-329017,1,2026-04-28,GB 38383-2025,65,32,10.6,0.607,1.20,1.28,22,44
洗碗机2025版,DFI 56700,德格国际贸易（上海）有限公司,20260428-CWL032025-278216,1,2026-04-28,GB 38383-2025,65,32,10.7,0.623,1.20,1.28,24,43
洗碗机2025版,CDE24SK33Max,上海科慕电器有限公司,20260428-CWL032025-760571,1,2026-04-28,GB 38383-2025,65,32,10.7,0.623,1.20,1.28,24,44.4
洗碗机2025版,CDE24S-A21G,上海科慕电器有限公司,20260428-CWL032025-157397,1,2026-04-28,GB 38383-2025,65,32,10.7,0.623,1.20,1.28,24,44.4
洗碗机2025版,SE45ZB69KC,博西华家用电器有限公司,20260427-CWL032025-771606,1,2026-04-27,GB 38383-2025,58,32,9.0,0.530,1.21,1.25,16,44
洗碗机2025版,SE45ZB66KC,博西华家用电器有限公司,20260427-CWL032025-867229,1,2026-04-27,GB 38383-2025,58,32,9.0,0.530,1.21,1.25,16,44
洗碗机2025版,SJ45ZL26MC,博西华家用电器有限公司,20260427-CWL032025-073154,1,2026-04-27,GB 38383-2025,62,32,9.9,0.588,1.16,1.26,20,42
洗碗机2025版,SJ45ZB29MC,博西华家用电器有限公司,20260427-CWL032025-443073,1,2026-04-27,GB 38383-2025,62,32,9.9,0.588,1.16,1.26,20,42
洗碗机2025版,SJ45ZB26MC,博西华家用电器有限公司,20260427-CWL032025-449564,1,2026-04-27,GB 38383-2025,62,32,9.9,0.588,1.16,1.26,20,42
洗碗机2025版,P80,佛山市顺德区美的洗涤电器制造有限公司,20260424-CWL032025-237094,1,2026-04-24,GB 38383-2025,65,32,10.6,0.607,1.20,1.28,22,44
洗碗机2025版,X7白,佛山市顺德区美的洗涤电器制造有限公司,20260424-CWL032025-683198,1,2026-04-24,GB 38383-2025,65,32,10.6,0.607,1.20,1.28,22,44
洗碗机2025版,X7黑,佛山市顺德区美的洗涤电器制造有限公司,20260424-CWL032025-386259,1,2026-04-24,GB 38383-2025,65,32,10.6,0.607,1.20,1.28,22,44.0
洗碗机2025版,JBCD7E-03-V18Ultra,宁波方太厨具有限公司,20260423-CWL032025-443185,1,2026-04-23,GB 38383-2025,65.0,32.0,10.4,0.590,1.20,1.20,20,49
洗碗机2025版,JBCD7E-02-J12,宁波方太厨具有限公司,20260420-CWL032025-354994,1,2026-04-20,GB 38383-2025,65.0,32.0,10.2,0.570,1.18,1.20,18,49
洗碗机2025版,JBSD1T-02-A6 ,宁波方太厨具有限公司,20260417-CWL032025-126922,1,2026-04-17,GB 38383-2025,65.0,32.0,9.2,0.510,1.18,1.20,10,49
洗碗机2025版,JBSD2T-02-M6,宁波方太厨具有限公司,20260417-CWL032025-041855,1,2026-04-17,GB 38383-2025,65.0,32.0,9.2,0.510,1.18,1.20,10,49
洗碗机2025版,JBSD2T-02-M6L  ,宁波方太厨具有限公司,20260417-CWL032025-941077,1,2026-04-17,GB 38383-2025,65.0,32.0,9.2,0.510,1.18,1.20,10,49
洗碗机2025版,S624GT,佛山市顺德区美的洗涤电器制造有限公司,20260416-CWL032025-653640,1,2026-04-16,GB 38383-2025,65,32,10.7,0.623,1.22,1.28,24,42.0
洗碗机2025版,GX7尊享版,佛山市顺德区美的洗涤电器制造有限公司,20260416-CWL032025-266072,1,2026-04-16,GB 38383-2025,65,32,10.7,0.623,1.22,1.28,24,42.0
洗碗机2025版,GX6000WGT,佛山市顺德区美的洗涤电器制造有限公司,20260415-CWL032025-681419,1,2026-04-15,GB 38383-2025,65,32,10.7,0.623,1.22,1.28,24,42.0
洗碗机2025版,NP-F89W3M9,松下家电（中国）有限公司,20260414-CWL032025-932812,1,2026-04-14,GB 38383-2025,58,32,9.3,0.584,1.13,1.13,19,49
洗碗机2025版,JBSD2F-03-X2,宁波方太厨具有限公司,20260414-CWL032025-565745,1,2026-04-14,GB 38383-2025,65.0,32.0,9.4,0.520,1.18,1.20,11,49
洗碗机2025版,JBSD2T-02-M6Max,宁波方太厨具有限公司,20260414-CWL032025-926708,1,2026-04-14,GB 38383-2025,65.0,32.0,9.2,0.510,1.18,1.20,10,49
洗碗机2025版,JBSD2F-03-X2L,宁波方太厨具有限公司,20260414-CWL032025-874890,1,2026-04-14,GB 38383-2025,65.0,32.0,9.4,0.520,1.18,1.20,11,49
洗碗机2025版,JBSD2F-03-X1L,宁波方太厨具有限公司,20260414-CWL032025-721668,1,2026-04-14,GB 38383-2025,65.0,32.0,9.4,0.520,1.18,1.20,11,49
洗碗机2025版,JBSD2F-03-X1,宁波方太厨具有限公司,20260414-CWL032025-243928,1,2026-04-14,GB 38383-2025,65.0,32.0,9.4,0.520,1.18,1.20,11,49
洗碗机2025版,JBSD2T-02-M6MaxL,宁波方太厨具有限公司,20260414-CWL032025-597755,1,2026-04-14,GB 38383-2025,65.0,32.0,9.2,0.510,1.18,1.20,10,49
洗碗机2025版,JBSD1F-03-T20,宁波方太厨具有限公司,20260414-CWL032025-936210,1,2026-04-14,GB 38383-2025,65.0,32.0,9.4,0.520,1.18,1.20,11,49
洗碗机2025版,JBSD2T-02-M6,宁波方太厨具有限公司,20260413-CWL032025-271214,1,2026-04-13,GB 38383-2025,65.0,32.0,9.2,0.512,1.18,1.20,10,49
洗碗机2025版,JBSD2T-02-M6L,宁波方太厨具有限公司,20260413-CWL032025-988007,1,2026-04-13,GB 38383-2025,65.0,32.0,9.2,0.512,1.18,1.20,10,49
洗碗机2025版,JBSD2F-03-X20,宁波方太厨具有限公司,20260410-CWL032025-134664,1,2026-04-10,GB 38383-2025,65.0,32.0,9.7,0.530,1.18,1.20,13,49
洗碗机2025版,JBSD2F-03-X20L,宁波方太厨具有限公司,20260410-CWL032025-209840,1,2026-04-10,GB 38383-2025,65.0,32.0,9.7,0.530,1.18,1.20,13,49
洗碗机2025版,SJ53EB18KC,博西华家用电器有限公司,20260409-CWL032025-822893,1,2026-04-09,GB 38383-2025,64,32,10.0,0.535,1.17,1.25,17,44
洗碗机2025版,SJ63EX77KC,博西华家用电器有限公司,20260409-CWL032025-232283,1,2026-04-09,GB 38383-2025,64,32,10.0,0.535,1.17,1.25,17,44
洗碗机2025版,CWY22-DFZ67GHU1(W6Pro),青岛海尔洗碗机有限公司,20260403-CWL032025-606133,1,2026-04-03,GB 38383-2025,65,32,10.6,0.608,1.18,1.21,22,49
洗碗机2025版,CWY22-DFZ67GHU1(V6Pro),青岛海尔洗碗机有限公司,20260403-CWL032025-616675,1,2026-04-03,GB 38383-2025,65,32,10.6,0.608,1.18,1.21,22,49
洗碗机2025版,SJ43EB17MC,博西华家用电器有限公司,20260403-CWL032025-831637,1,2026-04-03,GB 38383-2025,62,32,10.0,0.590,1.13,1.19,20,44
洗碗机2025版,SJ43EB12MC,博西华家用电器有限公司,20260403-CWL032025-601386,1,2026-04-03,GB 38383-2025,62,32,10.0,0.590,1.13,1.19,20,44
洗碗机2025版,SE43EB17KC,博西华家用电器有限公司,20260403-CWL032025-917557,1,2026-04-03,GB 38383-2025,58,32,9.0,0.535,1.16,1.25,16,44
洗碗机2025版,SE43EB11KC,博西华家用电器有限公司,20260403-CWL032025-416618,1,2026-04-03,GB 38383-2025,58,32,9.0,0.535,1.16,1.25,16,44
洗碗机2025版,SJV4EMX26C,博西华家用电器有限公司,20260403-CWL032025-475781,1,2026-04-03,GB 38383-2025,62,32,10.0,0.590,1.13,1.19,20,44
洗碗机2025版,SJU4EMB26C,博西华家用电器有限公司,20260403-CWL032025-683136,1,2026-04-03,GB 38383-2025,62,32,10.0,0.590,1.13,1.19,20,44
洗碗机2025版,SJV6ZMX26C,博西华家用电器有限公司,20260403-CWL032025-696741,1,2026-04-03,GB 38383-2025,62,32,9.9,0.588,1.16,1.26,20,42
洗碗机2025版,SJ65ZX26MC,博西华家用电器有限公司,20260403-CWL032025-880106,1,2026-04-03,GB 38383-2025,62,32,9.9,0.588,1.16,1.26,20,42
洗碗机2025版,SE63EX77KC,博西华家用电器有限公司,20260403-CWL032025-472203,1,2026-04-03,GB 38383-2025,58,32,9.0,0.535,1.16,1.25,16,44
洗碗机2025版,SE65ZX68KC,博西华家用电器有限公司,20260403-CWL032025-320820,1,2026-04-03,GB 38383-2025,58,32,9.0,0.530,1.21,1.25,16,44
洗碗机2025版,SE65ZX66KC,博西华家用电器有限公司,20260403-CWL032025-169568,1,2026-04-03,GB 38383-2025,58,32,9.0,0.530,1.21,1.25,16,44
洗碗机2025版,CWY22-Z666GHU1(Y6),青岛海尔洗碗机有限公司,20260402-CWL032025-151602,1,2026-04-02,GB 38383-2025,65,32,10.6,0.608,1.18,1.21,22,49
洗碗机2025版,SEV6ZKX26C,博西华家用电器有限公司,20260402-CWL032025-604116,1,2026-04-02,GB 38383-2025,58,32,9.0,0.530,1.21,1.25,16,44
洗碗机2025版,SE43EB22KC,博西华家用电器有限公司,20260402-CWL032025-139042,1,2026-04-02,GB 38383-2025,58,32,9.0,0.535,1.16,1.25,16,44
洗碗机2025版,SJU6ZMB26C,博西华家用电器有限公司,20260326-CWL032025-725159,1,2026-03-26,GB 38383-2025,62,32,9.9,0.588,1.16,1.26,20,42
洗碗机2025版,SJU4EMW26C,博西华家用电器有限公司,20260319-CWL032025-250386,1,2026-03-19,GB 38383-2025,62,32,10.0,0.590,1.13,1.19,20,44
洗碗机2025版,SE45ZB58KC,博西华家用电器有限公司,20260319-CWL032025-812185,1,2026-03-19,GB 38383-2025,58,32,9.0,0.530,1.21,1.25,16,44
洗碗机2025版,SE45ZL26KC,博西华家用电器有限公司,20260319-CWL032025-245692,1,2026-03-19,GB 38383-2025,58,32,9.0,0.530,1.21,1.25,16,44
洗碗机2025版,SJD6ZMX66C,博西华家用电器有限公司,20260318-CWL032025-916400,1,2026-03-18,GB 38383-2025,62,32,9.9,0.588,1.16,1.26,20,42
洗碗机2025版, SJ85ZX26MC,博西华家用电器有限公司,20260318-CWL032025-607433,1,2026-03-18,GB 38383-2025,62,32,9.9,0.588,1.16,1.26,20,42
洗碗机2025版,JBCD6E-03-N5,宁波方太厨具有限公司,20260312-CWL032025-880604,1,2026-03-12,GB 38383-2025,65.0,32.0,9.9,0.550,1.18,1.22,15,48
洗碗机2025版,JBCD6E-04-G1,宁波方太厨具有限公司,20260312-CWL032025-856630,1,2026-03-12,GB 38383-2025,65.0,32.0,10.0,0.560,1.20,1.22,16,48
洗碗机2025版,JBCD6E-04-G6,宁波方太厨具有限公司,20260312-CWL032025-657774,1,2026-03-12,GB 38383-2025,65.0,32.0,10.1,0.568,1.20,1.24,17,48
洗碗机2025版,JBCD6E-04-G7,宁波方太厨具有限公司,20260312-CWL032025-492104,1,2026-03-12,GB 38383-2025,65.0,32.0,10.0,0.560,1.20,1.22,16,48
洗碗机2025版,JBCD6E-03-B-N10,宁波方太厨具有限公司,20260308-CWL032025-483840,1,2026-03-08,GB 38383-2025,65.0,32.0,10.0,0.560,1.20,1.24,16,48
洗碗机2025版,JBCD6E-03-N10,宁波方太厨具有限公司,20260308-CWL032025-494207,1,2026-03-08,GB 38383-2025,65.0,32.0,10.0,0.560,1.20,1.24,16,48
洗碗机2025版,SJ43EB63MC,博西华家用电器有限公司,20260305-CWL032025-564872,1,2026-03-05,GB 38383-2025,62,32,10.0,0.590,1.13,1.19,20,44
洗碗机2025版,SJ43EB18MC,博西华家用电器有限公司,20260304-CWL032025-088885,1,2026-03-04,GB 38383-2025,62,32,10.0,0.590,1.13,1.19,20,44
洗碗机2025版,SJ23EB33MC,博西华家用电器有限公司,20260304-CWL032025-138995,1,2026-03-04,GB 38383-2025,62,32,10.0,0.590,1.13,1.19,20,44
洗碗机2025版,SJ23EW33MC,博西华家用电器有限公司,20260304-CWL032025-947824,1,2026-03-04,GB 38383-2025,62,32,10.0,0.590,1.13,1.19,20,44
洗碗机2025版,X7白,佛山市顺德区美的洗涤电器制造有限公司,20260302-CWL032025-820636,1,2026-03-02,GB 38383-2025,65.0,32.0,10.6,0.608,1.17,1.21,22,42.0
洗碗机2025版,X7黑,佛山市顺德区美的洗涤电器制造有限公司,20260302-CWL032025-672438,1,2026-03-02,GB 38383-2025,65.0,32.0,10.6,0.608,1.17,1.21,22,42.0
洗碗机2025版,P80,佛山市顺德区美的洗涤电器制造有限公司,20260302-CWL032025-161294,1,2026-03-02,GB 38383-2025,65.0,32.0,10.6,0.608,1.17,1.21,22,42.0
洗碗机2025版,S522,佛山市顺德区美的洗涤电器制造有限公司,20260302-CWL032025-272744,1,2026-03-02,GB 38383-2025,65.0,32.0,10.6,0.608,1.17,1.21,22,42.0
洗碗机2025版,S622,佛山市顺德区美的洗涤电器制造有限公司,20260302-CWL032025-107719,1,2026-03-02,GB 38383-2025,65.0,32.0,10.6,0.608,1.17,1.21,22,42.0
洗碗机2025版,SJ23EB33MC,博西华家用电器有限公司,20260302-CWL032025-442270,1,2026-03-02,GB 38383-2025,62,32,9.95,0.590,1.13,1.19,20,44
洗碗机2025版,SJ23EW33MC,博西华家用电器有限公司,20260302-CWL032025-626687,1,2026-03-02,GB 38383-2025,62,32,9.95,0.590,1.13,1.19,20,44
洗碗机2025版,X7超窄,佛山市顺德区美的洗涤电器制造有限公司,20260227-CWL032025-831232,1,2026-02-27,GB 38383-2025,65,32,10.0,0.525,1.14,1.20,16,41.0
洗碗机2025版,366,productor,20260115-CWL032025-218591,5,2026-01-15,GB 38383-2025,4,4,4,4,4,4,4,4
洗碗机2025版,V182026,宁波方太厨具有限公司,20260110-CWL032025-601629,3,2026-01-10,GB 38383-2025,78,46,0.888,12.3,1.11,1.11,23,80
洗碗机2025版,V182028,宁波方太厨具有限公司,20260109-CWL032025-967146,3,2026-01-09,GB 38383-2025,80,50,12.0,0.888,1.12,1.12,23,59
洗碗机2025版,V182026,宁波方太厨具有限公司,20260109-CWL032025-003334,3,2026-01-09,GB 38383-2025,80,50,12.0,0.888,1.12,1.12,23,59
洗碗机2025版,aaabb,杭州老板电器股份有限公司,20260108-CWL032025-947274,1,2026-01-08,GB 38383-2025,63,30,9.0,0.532,1.20,1.20,20,50
洗碗机2025版,W76-2026,杭州老板电器股份有限公司,20260108-CWL032025-514067,1,2026-01-08,GB 38383-2025,63,30,9.0,0.532,1.20,1.20,20,50
洗碗机2025版,887,productor,20260108-CWL032025-822007,3,2026-01-08,GB 38383-2025,1,1,1,1,0.2,0.2,1,2
洗碗机2025版,887887,productor,20260108-CWL032025-939131,2,2026-01-08,GB 38383-2025,3,3,3,3,3,3,3,5
洗碗机2025版,887,productor,20260108-CWL032025-890684,2,2026-01-08,GB 38383-2025,3,3,3,3,3,3,3,5
洗碗机2025版,7878,productor,,5,,GB 38383-2025,11,22,33,44,0.5,0.6,88,77
